sku,name,description,brand,category,cost_usd
AN-110-RT-2L1W,Araknis Networks 110 Series Single-WAN Gigabit VPN Router,[AN-110-RT-2L1W] Araknis Networks 110 Series Single-WAN Gigabit VPN Router,Araknis,Redes,282.23
AN-110-RT-2L1W-WIFI,Araknis Networks 110 Series Single-WAN Gigabit VPN Router with Wi-Fi,[AN-110-RT-2L1W-WIFI] Araknis Networks 110 Series Single-WAN Gigabit VPN Router with Wi-Fi,Araknis,Redes,371.9
AN-110-SW-C-16P,Araknis Networks 110 Series Unmanaged+ Gigabit Compact Switch 16P,[AN-110-SW-C-16P] Araknis Networks 110 Series Unmanaged+ Gigabit Compact Switch 16P,Araknis,Redes,398.36
AN-110-SW-C-5,Araknis Networks 110 Series Unmanaged+ Gigabit Switch - Compact Design,[AN-110-SW-C-5] Araknis Networks 110 Series Unmanaged+ Gigabit Switch - Compact Design,Araknis,Redes,89.66
AN-110-SW-C-5P,Araknis Networks 110 Series Unmanaged+ Gigabit Compact Switch 5P,[AN-110-SW-C-5P] Araknis Networks 110 Series Unmanaged+ Gigabit Compact Switch 5P,Araknis,Redes,164.63
AN-110-SW-C-8P,Araknis Networks 110 Series Unmanaged+ Gigabit Compact Switch 8P,[AN-110-SW-C-8P] Araknis Networks 110 Series Unmanaged+ Gigabit Compact Switch 8P,Araknis,Redes,282.23
AN-110-SW-F-16,Araknis Networks 110 Series Unmanaged+ Gigabit Switch 16 Front Ports,[AN-110-SW-F-16] Araknis Networks 110 Series Unmanaged+ Gigabit Switch 16 Front Ports,Araknis,Redes,291.05
AN-110-SW-F-24,Araknis Networks 110 Series Unmanaged + Gigabit Switch 24 Front Ports,[AN-110-SW-F-24] Araknis Networks 110 Series Unmanaged + Gigabit Switch 24 Front Ports,Araknis,Redes,380.72
AN-110-SW-F-8,Araknis Networks 110 Series Unmanaged+ Gigabit Switch 8 Front Ports,[AN-110-SW-F-8] Araknis Networks 110 Series Unmanaged+ Gigabit Switch 8 Front Ports,Araknis,Redes,133.76
AN-110-SW-R-16,Araknis Networks 110 Series Unmanaged+ Gigabit Switch with Rear Ports,[AN-110-SW-R-16] Araknis Networks 110 Series Unmanaged+ Gigabit Switch with Rear Ports,Araknis,Redes,291.05
AN-110-SW-R-24,Araknis Networks 110 Series Unmanaged + Gigabit Switch with Rear Ports,[AN-110-SW-R-24] Araknis Networks 110 Series Unmanaged + Gigabit Switch with Rear Ports,Araknis,Redes,382.65
AN-110-SW-R-8,Araknis Networks 110 Series Unmanaged + Gigabit Switch 8 Rear Ports,[AN-110-SW-R-8] Araknis Networks 110 Series Unmanaged + Gigabit Switch 8 Rear Ports,Araknis,Redes,133.76
AN-210-SW-C-8-POE,Networks 210 Series Websmart Gigabit Switch with Compact Design and Partial PoE+ 8 Ports,[AN-210-SW-C-8-POE] Networks 210 Series Websmart Gigabit Switch with Compact Design and Partial PoE+ 8 Ports,Araknis,Redes,505.67
AN-210-SW-F-16-POE,Switch Networks 210 Series Websmart Gigabit with Partial PoE+ and Rear Ports,[AN-210-SW-F-16-POE] Switch Networks 210 Series Websmart Gigabit with Partial PoE+ and Rear Ports,Araknis,Redes,631.39
AN-210-SW-F-8-POE,Araknis Networks Switch Networks 210 Series Websmart Gigabit with Partial PoE+ 8 + 2 Front Ports,[AN-210-SW-F-8-POE] Araknis Networks Switch Networks 210 Series Websmart Gigabit with Partial PoE+ 8 + 2 Front Ports,Araknis,Redes,377.99
AN-210-SW-R-16-POE,Networks 210 Series Websmart Gigabit Switch with Partial PoE+16 + 2 Rear Ports,[AN-210-SW-R-16-POE] Networks 210 Series Websmart Gigabit Switch with Partial PoE+16 + 2 Rear Ports,Araknis,Redes,631.39
AN-210-SW-R-24-POE,Networks 210 Series Websmart Gigabit Switch with Partial PoE+ 24 + 2 Rear Ports,[AN-210-SW-R-24-POE] Networks 210 Series Websmart Gigabit Switch with Partial PoE+ 24 + 2 Rear Ports,Araknis,Redes,842.79
AN-210-SW-R-8-POE,Networks 210 Series Websmart Gigabit Switch with Partial PoE+ 8 + 2 Rear Ports,[AN-210-SW-R-8-POE] Networks 210 Series Websmart Gigabit Switch with Partial PoE+ 8 + 2 Rear Ports,Araknis,Redes,377.99
AN-220-RT,Araknis Networks Router Networks 220 Series Single-WAN Multi-Gigabit VPN,[AN-220-RT] Araknis Networks Router Networks 220 Series Single-WAN Multi-Gigabit VPN,Araknis,Redes,389.54
AN-220-SW-F-16-POE,Araknis Networks 220 Series Layer 2 Managed Gigabit Switch with Partial PoE+ and Front Ports,[AN-220-SW-F-16-POE] Araknis Networks 220 Series Layer 2 Managed Gigabit Switch with Partial PoE+ and Front Ports,Araknis,Redes,661.79
AN-220-SW-F-24-POE,Araknis Networks 220 Series L2 Managed Gigabit Switch with Partial PoE 24+2 FrontPorts,[AN-220-SW-F-24-POE] Araknis Networks 220 Series L2 Managed Gigabit Switch with Partial PoE 24+2 FrontPorts,Araknis,Redes,883.76
AN-220-SW-F-48-POE,Araknis Networks 220 Series L2 Managed Gigabit Switch with Partial PoE 48+2 FrontPorts,[AN-220-SW-F-48-POE] Araknis Networks 220 Series L2 Managed Gigabit Switch with Partial PoE 48+2 FrontPorts,Araknis,Redes,1435.76
AN-220-SW-F-8-POE,Araknis Networks 220 Series L2 Managed Gigabit Switch with Partial PoE 8 Plus 2 Front Ports,[AN-220-SW-F-8-POE] Araknis Networks 220 Series L2 Managed Gigabit Switch with Partial PoE 8 Plus 2 Front Ports,Araknis,Redes,396.61
AN-220-SW-R-16-POE,Araknis Networks 220 Series Layer 2 Managed Gigabit Switch with Partial POE,[AN-220-SW-R-16-POE] Araknis Networks 220 Series Layer 2 Managed Gigabit Switch with Partial POE,Araknis,Redes,661.79
AN-220-SW-R-24-POE,Araknis Networks 220 Series Websmart Gigabit Switch with Partial PoE and Rear Ports,[AN-220-SW-R-24-POE] Araknis Networks 220 Series Websmart Gigabit Switch with Partial PoE and Rear Ports,Araknis,Redes,883.76
AN-220-SW-R-44-POE,Araknis Networks 220 Series Layer 2 Managed Gigabit Switch with Partial PoE+,[AN-220-SW-R-44-POE] Araknis Networks 220 Series Layer 2 Managed Gigabit Switch with Partial PoE+,Araknis,Redes,1435.76
AN-220-SW-R-8-POE,Araknis Networks 220 Series L2 Managed Gigabit Switch with Partial PoE - 8 Plus 2 Rear Ports,[AN-220-SW-R-8-POE] Araknis Networks 220 Series L2 Managed Gigabit Switch with Partial PoE - 8 Plus 2 Rear Ports,Araknis,Redes,396.61
AN-320-AP-I,Araknis Networks Wi-Fi 6 320 Series Indoor Wireless Access Point,[AN-320-AP-I] Araknis Networks Wi-Fi 6 320 Series Indoor Wireless Access Point,Araknis,Redes,161.7
AN-320-SW-F-16,Araknis Networks 320 Series L2 Managed Gigabit Switch 16 Plus 2 Front Ports,[AN-320-SW-F-16] Araknis Networks 320 Series L2 Managed Gigabit Switch 16 Plus 2 Front Ports,Araknis,Redes,463.27
AN-320-SW-F-16-POE,Araknis Networks 320 Series L2 Managed Gigabit Switch with Full PoE 16 Plus 2 Front Ports,[AN-320-SW-F-16-POE] Araknis Networks 320 Series L2 Managed Gigabit Switch with Full PoE 16 Plus 2 Front Ports,Araknis,Redes,1170.57
AN-320-SW-F-24,Araknis Networks 320 Series L2 Managed Gigabit Switch 24 Plus 2 Front Ports,[AN-320-SW-F-24] Araknis Networks 320 Series L2 Managed Gigabit Switch 24 Plus 2 Front Ports,Araknis,Redes,547.79
AN-320-SW-F-24-POE,Araknis Networks 320 Series L2 Managed Gigabit Switch with Full PoE 24 Plus 2 Front Ports,[AN-320-SW-F-24-POE] Araknis Networks 320 Series L2 Managed Gigabit Switch with Full PoE 24 Plus 2 Front Ports,Araknis,Redes,1546.37
AN-320-SW-F-48,Araknis Networks 320 Series L2 Managed Gigabit Switch with 48 Front Ports,[AN-320-SW-F-48] Araknis Networks 320 Series L2 Managed Gigabit Switch with 48 Front Ports,Araknis,Redes,713.54
AN-320-SW-F-8,Araknis Networks 320 Series L2 Managed Gigabit Switch | 8 Plus 2 Front Ports,[AN-320-SW-F-8] Araknis Networks 320 Series L2 Managed Gigabit Switch | 8 Plus 2 Front Ports,Araknis,Redes,317.09
AN-320-SW-F-8-POE,Araknis Networks 320 Series L2 Managed Gigabit Switch with Partial PoE 8 Plus 2 Front Ports,[AN-320-SW-F-8-POE] Araknis Networks 320 Series L2 Managed Gigabit Switch with Partial PoE 8 Plus 2 Front Ports,Araknis,Redes,573.37
AN-320-SW-R-16,Araknis Networks 320 Series L2 Managed Gigabit Switch 16 Plus 2 Rear Ports,[AN-320-SW-R-16] Araknis Networks 320 Series L2 Managed Gigabit Switch 16 Plus 2 Rear Ports,Araknis,Redes,463.27
AN-320-SW-R-16-POE,Araknis Networks 320 Series L2 Managed Gigabit Switch with Full PoE 16 Plus 2 Rear Ports,[AN-320-SW-R-16-POE] Araknis Networks 320 Series L2 Managed Gigabit Switch with Full PoE 16 Plus 2 Rear Ports,Araknis,Redes,1170.57
AN-320-SW-R-24,Araknis Networks 320 Series L2 Managed Gigabit Switch 24 Plus 2 Rear Ports,[AN-320-SW-R-24] Araknis Networks 320 Series L2 Managed Gigabit Switch 24 Plus 2 Rear Ports,Araknis,Redes,547.79
AN-320-SW-R-24-POE,Araknis Networks 320 Series L2 Managed Gigabit Switch with Full PoE 24 Plus 2 Rear Ports,[AN-320-SW-R-24-POE] Araknis Networks 320 Series L2 Managed Gigabit Switch with Full PoE 24 Plus 2 Rear Ports,Araknis,Redes,1546.37
AN-320-SW-R-8,"Araknis Networks 320 Series L2 Managed Gigabit Switch, 8 Plus 2 Rear Ports","[AN-320-SW-R-8] Araknis Networks 320 Series L2 Managed Gigabit Switch, 8 Plus 2 Rear Ports",Araknis,Redes,317.09
AN-320-SW-R-8-POE,Araknis Networks 320 Series L2 Managed Gigabit Switch with Full PoE 8 Plus 2 Rear Ports,[AN-320-SW-R-8-POE] Araknis Networks 320 Series L2 Managed Gigabit Switch with Full PoE 8 Plus 2 Rear Ports,Araknis,Redes,546.07
AN-420-SW-F-16-POE,Araknis Networks 420 Series PoE+ Network Switch - 16 Front Port,[AN-420-SW-F-16-POE] Araknis Networks 420 Series PoE+ Network Switch - 16 Front Port,Araknis,Redes,1322.99
AN-420-SW-F-24-POE,Araknis Networks 420 Series PoE+ Network Switch - 24 Front Port,[AN-420-SW-F-24-POE] Araknis Networks 420 Series PoE+ Network Switch - 24 Front Port,Araknis,Redes,1763.99
AN-420-SW-F-48-POE,Araknis Networks 420 Series PoE+ Network Switch - 48 Front Port,[AN-420-SW-F-48-POE] Araknis Networks 420 Series PoE+ Network Switch - 48 Front Port,Araknis,Redes,3086.99
AN-420-SW-R-16-POE,Araknis Networks 420 Series PoE+ Network Switch - 16 Rear Port,[AN-420-SW-R-16-POE] Araknis Networks 420 Series PoE+ Network Switch - 16 Rear Port,Araknis,Redes,1322.99
AN-420-SW-R-24-POE,Araknis Networks 420 Series PoE+ Network Switch - 24 Rear Port,[AN-420-SW-R-24-POE] Araknis Networks 420 Series PoE+ Network Switch - 24 Rear Port,Araknis,Redes,1763.99
AN-420-SW-R-44-POE,Araknis Networks 420 Series PoE+ Network Switch - 44 Rear Port,[AN-420-SW-R-44-POE] Araknis Networks 420 Series PoE+ Network Switch - 44 Rear Port,Araknis,Redes,3086.99
AN-510-AP-IW-AC,Araknis Networks 510 Series Wave 2 AC 1300 Indoor Wall Mount Wireless Access Point,[AN-510-AP-IW-AC] Araknis Networks 510 Series Wave 2 AC 1300 Indoor Wall Mount Wireless Access Point,Araknis,Redes,183.74
AN-520-AP-I,Araknis Networks 520 Series Wi-Fi 6 Indoor Wireless Access Point,[AN-520-AP-I] Araknis Networks 520 Series Wi-Fi 6 Indoor Wireless Access Point,Araknis,Redes,367.48
AN-520-AP-O,Araknis Networks 520 Series Wi-Fi 6 Outdoor Wireless Access Point,[AN-520-AP-O] Araknis Networks 520 Series Wi-Fi 6 Outdoor Wireless Access Point,Araknis,Redes,527.72
AN-520-RT,Araknis Networks 520 Series Dual-WAN Multi-Gigabit VPN Router,[AN-520-RT] Araknis Networks 520 Series Dual-WAN Multi-Gigabit VPN Router,Araknis,Redes,635.03
AN-530-AP-I,Araknis Networks 530 Wi-Fi 7 Indoor Access Point,[AN-530-AP-I] Araknis Networks 530 Wi-Fi 7 Indoor Access Point,Araknis,Redes,420.0
AN-620-SW-R-8-POE,Araknis Networks 620-Series L3 Managed Multi-Gigabit PoE++ Switch - 8 Rear Port,[AN-620-SW-R-8-POE] Araknis Networks 620-Series L3 Managed Multi-Gigabit PoE++ Switch - 8 Rear Port,Araknis,Redes,1028.99
AN-810-AP-I-AC,Araknis Networks 810 Series Indoor Wireless Access Point,[AN-810-AP-I-AC] Araknis Networks 810 Series Indoor Wireless Access Point,Araknis,Redes,229.31
AN-820-AP-I-1,Araknis Networks 820 Series Wi-Fi 6 Indoor Wireless Access Point,[AN-820-AP-I-1] Araknis Networks 820 Series Wi-Fi 6 Indoor Wireless Access Point,Araknis,Redes,635.03
AN-920-SW-F-12-POE,Araknis Networks 920 Series L3 Managed 10G PoE++ Switch 12 Front Ports,[AN-920-SW-F-12-POE] Araknis Networks 920 Series L3 Managed 10G PoE++ Switch 12 Front Ports,Araknis,Redes,992.25
AN-920-SW-F-24-POE,Araknis Networks 920 Series L3 Managed 10G PoE++ Switch 24 Front Ports,[AN-920-SW-F-24-POE] Araknis Networks 920 Series L3 Managed 10G PoE++ Switch 24 Front Ports,Araknis,Redes,5438.99
AN-ACC-AP-O-POLE,Araknis Networks Pole Mount for Outdoor Wireless Access Points,[AN-ACC-AP-O-POLE] Araknis Networks Pole Mount for Outdoor Wireless Access Points,Araknis,Redes,57.32
AN-ACC-AP-O-TILT,Araknis Networks Accessory Outdoor Wireless Access Point Tilt Mount,[AN-ACC-AP-O-TILT] Araknis Networks Accessory Outdoor Wireless Access Point Tilt Mount,Araknis,Redes,69.08
AN-ACC-ICBKT-LR,Araknis Networks Wireless Access Point In-Ceiling Bracket-Large Round,[AN-ACC-ICBKT-LR] Araknis Networks Wireless Access Point In-Ceiling Bracket-Large Round,Araknis,Redes,139.65
AN-ACC-ICBKT-SR,Araknis Networks Wireless Access Point In-Ceiling Bracket Small Round,[AN-ACC-ICBKT-SR] Araknis Networks Wireless Access Point In-Ceiling Bracket Small Round,Araknis,Redes,139.65
AN-ACC-PS-12V4A,Araknis Networks Power Supply - 12V 4A,[AN-ACC-PS-12V4A] Araknis Networks Power Supply - 12V 4A,Araknis,Redes,32.34
AN-ACC-SFP-E-100,Electrical Small Form Plug (SFP) with RJ45 Connector,[AN-ACC-SFP-E-100] Electrical Small Form Plug (SFP) with RJ45 Connector,Araknis,Redes,154.34
AN-POE-INJ-MG-30W,Araknis Networks Multi-gig PoE+ Injector,[AN-POE-INJ-MG-30W] Araknis Networks Multi-gig PoE+ Injector,Araknis,Redes,73.49
AN-SFP-10-D-1,Araknis Networks SFP+ Transceiver Module 1m,[AN-SFP-10-D-1] Araknis Networks SFP+ Transceiver Module 1m,Araknis,Redes,36.75
AN-SFP-10-D-3,Araknis Networks SFP+Transceiver Module,[AN-SFP-10-D-3] Araknis Networks SFP+Transceiver Module,Araknis,Redes,51.45
AN-SFP-10-E-80,Araknis Networks SFP+ Transceiver Module - 80m,[AN-SFP-10-E-80] Araknis Networks SFP+ Transceiver Module - 80m,Araknis,Redes,220.5
AN-SFP-10-F-300,Araknis Networks SFP+ Transceiver Module - 300m,[AN-SFP-10-F-300] Araknis Networks SFP+ Transceiver Module - 300m,Araknis,Redes,183.75
AN-SFP-100-D-1,Araknis Networks QSFP28Transceiver Module 1m,[AN-SFP-100-D-1] Araknis Networks QSFP28Transceiver Module 1m,Araknis,Redes,102.9
AN-SFP-100-D-3,Araknis Networks QSFP28Transceiver Module 3m,[AN-SFP-100-D-3] Araknis Networks QSFP28Transceiver Module 3m,Araknis,Redes,147.0
AN-SFP-100-F-100,Araknis Networks Transceiver Module-100m,[AN-SFP-100-F-100] Araknis Networks Transceiver Module-100m,Araknis,Redes,441.0
AN-SFP-100-F-2K,Araknis Networks Transceiver Module-2km,[AN-SFP-100-F-2K] Araknis Networks Transceiver Module-2km,Araknis,Redes,1176.0
AN-SFP-100G-1,Araknis Networks 100G QSFP28 Expansion Module 1P,[AN-SFP-100G-1] Araknis Networks 100G QSFP28 Expansion Module 1P,Araknis,Redes,189.63
AN-SFP-25G-4,Araknis Networks 100G QSFP28 Expansion Module 4P,[AN-SFP-25G-4] Araknis Networks 100G QSFP28 Expansion Module 4P,Araknis,Redes,367.43
KIT PCNA,Araknis Networks Kit Red Araknis,[KIT PCNA] Araknis Networks Kit Red Araknis,Araknis,Redes,1820.0
AXX-DCM3-S-C4ZB-L3-1,Low Voltage 3-Channel Dimming Control Module,[AXX-DCM3-S-C4ZB-L3-1] Low Voltage 3-Channel Dimming Control Module,Axxess,Domótica C4,130.0
B-120-HDMATRIX-4x4,Binary 120 Series HDMI Matrix Switcher with HDMI Outputs - 4x4,[B-120-HDMATRIX-4x4] Binary 120 Series HDMI Matrix Switcher with HDMI Outputs - 4x4,Binary,Redes,698.24
B-220-DAC,Binary 220 Series Digital to Analog Audio Converter,[B-220-DAC] Binary 220 Series Digital to Analog Audio Converter,Binary,Redes,63.49
B-230-HDSPLTR-1x2,Binary Divisor HDMI serie 230 de - 1x2,[B-230-HDSPLTR-1x2] Binary Divisor HDMI serie 230 de - 1x2,Binary,Redes,109.35
B-230-HDSPLTR-1x4,Binary 230 Series HDMI Splitter 1x4,[B-230-HDSPLTR-1x4] Binary 230 Series HDMI Splitter 1x4,Binary,Redes,206.37
B-230-HDSPLTR-1x8,Binary 230 Series HDMI Splitter 1x8,[B-230-HDSPLTR-1x8] Binary 230 Series HDMI Splitter 1x8,Binary,Redes,287.52
B-240-HD-2AC,Binary 240 Series HDMI Audio De-Embedder,[B-240-HD-2AC] Binary 240 Series HDMI Audio De-Embedder,Binary,Redes,578.58
B-240-HDSWTCH-5x1,Binary 240 Series 4K Ultra HD HDMI Switch with IR - 5x1,[B-240-HDSWTCH-5x1] Binary 240 Series 4K Ultra HD HDMI Switch with IR - 5x1,Binary,Redes,218.72
B-260-444-HDR-SP12SA,Binary 260 Series 4K HDR HDMI Splitter 1x2,[B-260-444-HDR-SP12SA] Binary 260 Series 4K HDR HDMI Splitter 1x2,Binary,Redes,186.97
B-260-444-HDR-SP14,Binary 260 Series 4K HDR HDMI Splitter w EDID Control 1x4,[B-260-444-HDR-SP14] Binary 260 Series 4K HDR HDMI Splitter w EDID Control 1x4,Binary,Redes,273.41
B-260-444-HDR-SP18,Binary HDR HDMI Splitter w/ EDID Control 1x8,[B-260-444-HDR-SP18] Binary HDR HDMI Splitter w/ EDID Control 1x8,Binary,Redes,545.06
B-260-4K-2AC,Binary 260 Series HDMI Audio De-Embedder,[B-260-4K-2AC] Binary 260 Series HDMI Audio De-Embedder,Binary,Redes,470.97
B-260-ARC,Binary Audio Return Extender for HDMI ARC and S PDIF,[B-260-ARC] Binary Audio Return Extender for HDMI ARC and S PDIF,Binary,Redes,218.72
B-260-HDMI-2A,Binary 260 Series 4K HDR Audio Extractor,[B-260-HDMI-2A] Binary 260 Series 4K HDR Audio Extractor,Binary,Redes,124.31
B-260-HDMI-CTRL,Binary 260 Series 4K HDR In-Line Controller,[B-260-HDMI-CTRL] Binary 260 Series 4K HDR In-Line Controller,Binary,Redes,296.34
B-260-SWTCH-3X1,Binary 260 Series 4K HDR Switch with IR 3x1,[B-260-SWTCH-3X1] Binary 260 Series 4K HDR Switch with IR 3x1,Binary,Redes,102.3
B-260-SWTCH-4X1,Binary 260 Series 4K HDR Switch with IR 4x1,[B-260-SWTCH-4X1] Binary 260 Series 4K HDR Switch with IR 4x1,Binary,Redes,118.17
B-320-1CAT-HDIR,Binary 320 Series 1080p over 1CAT Extender with IR,[B-320-1CAT-HDIR] Binary 320 Series 1080p over 1CAT Extender with IR,Binary,Redes,202.85
B-320-1CAT-HDIR-W,Binary 320 Series 1080p over 1CAT Extender with IR (In-Wall RX),[B-320-1CAT-HDIR-W] Binary 320 Series 1080p over 1CAT Extender with IR (In-Wall RX),Binary,Redes,255.77
B-350-USB2-CATX,Binary 350 Series USB 2.0 Cat 5e/6 Extender Balun Kit - 330 ft,[B-350-USB2-CATX] Binary 350 Series USB 2.0 Cat 5e/6 Extender Balun Kit - 330 ft,Binary,Redes,583.87
B-360-1CAT-30,Binary 360 Series 4K HDR Economy Extender with IR,[B-360-1CAT-30] Binary 360 Series 4K HDR Economy Extender with IR,Binary,Redes,352.79
B-520-MTRX-230-4x4,Binary 520 Series HDMI Matrix Switcher with HDMI and HDBaseT Outputs with POC 4x4,[B-520-MTRX-230-4x4] Binary 520 Series HDMI Matrix Switcher with HDMI and HDBaseT Outputs with POC 4x4,Binary,Redes,2421.96
B-520-MTRX-230-8x8,Binary 520 Series HDMI Matrix Switcher with HDMI and HDBaseT Outputs with POC 8x8,[B-520-MTRX-230-8x8] Binary 520 Series HDMI Matrix Switcher with HDMI and HDBaseT Outputs with POC 8x8,Binary,Redes,4431.15
B-520-RX-230-IR,Binary 520 Series 1080p HDBaseT Receiver with IR,[B-520-RX-230-IR] Binary 520 Series 1080p HDBaseT Receiver with IR,Binary,Redes,201.08
B-520-RX-230-IR-W,Binary 520 Series 1080p HDBaseT Receiver with IR (In-Wall),[B-520-RX-230-IR-W] Binary 520 Series 1080p HDBaseT Receiver with IR (In-Wall),Binary,Redes,137.58
B-540-EXT-230-IR,Binary 540 Series 4K Ultra HD HDBaseT Extender with IR,[B-540-EXT-230-IR] Binary 540 Series 4K Ultra HD HDBaseT Extender with IR,Binary,Redes,463.92
B-540-EXT-230-RS,Binary 540 Series 4K Ultra HD HDBaseT Extender with IR RS-232,[B-540-EXT-230-RS] Binary 540 Series 4K Ultra HD HDBaseT Extender with IR RS-232,Binary,Redes,437.46
B-540-EXT-330-RS-IP,"Binary 540 Series 4K Ultra HD HDBaseT Long-Range Extender with IR, RS-232 & Ethernet","[B-540-EXT-330-RS-IP] Binary 540 Series 4K Ultra HD HDBaseT Long-Range Extender with IR, RS-232 & Ethernet",Binary,Redes,610.33
B-540-EXT-70-SLIM,Binary 540 Series Slim 4K Ultra HD HDBaseT Extender with IR & RS-232,[B-540-EXT-70-SLIM] Binary 540 Series Slim 4K Ultra HD HDBaseT Extender with IR & RS-232,Binary,Redes,470.97
B-660-EXT-444-100AS,Binary B-660 Series 4K HDR HDBaseT Extender with ARC,[B-660-EXT-444-100AS] Binary B-660 Series 4K HDR HDBaseT Extender with ARC,Binary,Redes,1038.98
B-660-MTRX-4X2,Binary 660 Series 4K HDR HDMI Matrix Switcher 4x2,[B-660-MTRX-4X2] Binary 660 Series 4K HDR HDMI Matrix Switcher 4x2,Binary,Redes,612.09
B-660-MTRX-4X4,Binary 660 Series 4K HDR HDMI Matrix Switcher - 4x4,[B-660-MTRX-4X4] Binary 660 Series 4K HDR HDMI Matrix Switcher - 4x4,Binary,Redes,1527.61
B-660-MTRX-8X8,Binary 660 Series 4K HDR HDMI Matrix Switcher - 8x8,[B-660-MTRX-8X8] Binary 660 Series 4K HDR HDMI Matrix Switcher - 8x8,Binary,Redes,3178.71
B-760-EXT-444-300,Binary 760 Series 4K HDR Fiber Optic Extender with IR & RS-232,[B-760-EXT-444-300] Binary 760 Series 4K HDR Fiber Optic Extender with IR & RS-232,Binary,Redes,1291.91
B-900-MOIP-4K-CTRL,Binary 900 Series 4K Media over IP Controller,[B-900-MOIP-4K-CTRL] Binary 900 Series 4K Media over IP Controller,Binary,Redes,462.15
B-900-MOIP-4K-RX,Binary 900 Series 4K Media over IP Receiver,[B-900-MOIP-4K-RX] Binary 900 Series 4K Media over IP Receiver,Binary,Redes,878.46
B-900-MOIP-4K-RX-2AC,Binary 900 Series 4K Media over IP Receivers with Audio Downmixing,[B-900-MOIP-4K-RX-2AC] Binary 900 Series 4K Media over IP Receivers with Audio Downmixing,Binary,Redes,798.91
B-900-MOIP-4K-TX,Binary 900 Series 4K Media over IP Transmitter,[B-900-MOIP-4K-TX] Binary 900 Series 4K Media over IP Transmitter,Binary,Redes,878.46
B-900-MOIP-4K-TX-2AC,Binary 900 Series 4K Media over IP Transmitter with Audio Downmixing,[B-900-MOIP-4K-TX-2AC] Binary 900 Series 4K Media over IP Transmitter with Audio Downmixing,Binary,Redes,798.91
B-900-MOIP-AUDIO-RX,Binary 900 Series Media over IP Audio Receiver,[B-900-MOIP-AUDIO-RX] Binary 900 Series Media over IP Audio Receiver,Binary,Redes,186.97
B-900-MOIP-AUDIO-TX,Binary 900 Series Media over IP Audio Transmitter,[B-900-MOIP-AUDIO-TX] Binary 900 Series Media over IP Audio Transmitter,Binary,Redes,186.97
B-960-MOIP-4K-RX,Binary 960 Series Media over IP Receiver,[B-960-MOIP-4K-RX] Binary 960 Series Media over IP Receiver,Binary,Redes,1411.12
B-960-MOIP-4K-TR,Binary 960 Series Media over IP Transceiver,[B-960-MOIP-4K-TR] Binary 960 Series Media over IP Transceiver,Binary,Redes,1234.72
B-960-MOIP-4K-TX-A,Binary 960 Series Media over IP Transmitter with Audio Downmixing,[B-960-MOIP-4K-TX-A] Binary 960 Series Media over IP Transmitter with Audio Downmixing,Binary,Redes,1322.92
B-PS-MOIP-12V-3A,"Binary MoIP B-960 12V, 3A Power Supply","[B-PS-MOIP-12V-3A] Binary MoIP B-960 12V, 3A Power Supply",Binary,Redes,33.43
B-USB3-HUB7P,Binary USB 3.0 Powered Hub,[B-USB3-HUB7P] Binary USB 3.0 Powered Hub,Binary,Redes,211.39
B3-AUD-1,Binary Cables B3 Series Analog Audio Cable 3.3 ft (1m),[B3-AUD-1] Binary Cables B3 Series Analog Audio Cable 3.3 ft (1m),Binary,Redes,5.6
B3-AUD-2,Binary Cables B3 Series Analog Audio Cable 6.5 ft (2m),[B3-AUD-2] Binary Cables B3 Series Analog Audio Cable 6.5 ft (2m),Binary,Redes,6.49
B3-AUD-3,Binary Cables B3 Series Analog Audio Cable 10ft / 3mts,[B3-AUD-3] Binary Cables B3 Series Analog Audio Cable 10ft / 3mts,Binary,Redes,9.15
B3-StereoMini-.5,Binary Cables B3 Series 3.5mm Mini Stereo to 3.5mm Mini Stereo Cable,[B3-StereoMini-.5] Binary Cables B3 Series 3.5mm Mini Stereo to 3.5mm Mini Stereo Cable,Binary,Redes,4.86
B3-StereoMini-2,Binary Cables B3 Series 3.5mm Mini Stereo to 3.5mm Mini Stereo Cable 6.5ft / 2 mts,[B3-StereoMini-2] Binary Cables B3 Series 3.5mm Mini Stereo to 3.5mm Mini Stereo Cable 6.5ft / 2 mts,Binary,Redes,9.28
B3-StereoMiniRCA-1,Binary Cables B3 Series 3.5mm Mini Stereo to Dual RCA Male - 3.3 ft (1m),[B3-StereoMiniRCA-1] Binary Cables B3 Series 3.5mm Mini Stereo to Dual RCA Male - 3.3 ft (1m),Binary,Redes,10.04
B3-StereoMiniRCA-2,Binary Cables B3 Series 3.5mm Mini Stereo to Dual RCA Male 6.5 FT 2m (Gris),[B3-StereoMiniRCA-2] Binary Cables B3 Series 3.5mm Mini Stereo to Dual RCA Male 6.5 FT 2m (Gris),Binary,Redes,11.69
B3-SUB-2,Binary Cables B3 Series Subwoofer Cable 2m - 6FT,[B3-SUB-2] Binary Cables B3 Series Subwoofer Cable 2m - 6FT,Binary,Redes,5.59
B3-SUB-4,Binary Cables B3 Series Subwoofer Cable,[B3-SUB-4] Binary Cables B3 Series Subwoofer Cable,Binary,Redes,8.39
B4-HD2-.3,Binary B4 Series 4K Ultra HD High Speed HDMI Cable with Ethernet 0.3m,[B4-HD2-.3] Binary B4 Series 4K Ultra HD High Speed HDMI Cable with Ethernet 0.3m,Binary,Redes,6.57
B4-HD2-.4,Binary B4 Series 4K Ultra HD High Speed HDMI Cable with Ethernet 0.4m,[B4-HD2-.4] Binary B4 Series 4K Ultra HD High Speed HDMI Cable with Ethernet 0.4m,Binary,Redes,6.76
B4-HD2-.7,Binary B4 Series 4K Ultra HD High Speed HDMI Cable with Ethernet 0.7m,[B4-HD2-.7] Binary B4 Series 4K Ultra HD High Speed HDMI Cable with Ethernet 0.7m,Binary,Redes,7.48
B4-HD2-1,Binary B4 Series 4K Ultra HD High Speed HDMI cable with Ethernet - 1m,[B4-HD2-1] Binary B4 Series 4K Ultra HD High Speed HDMI cable with Ethernet - 1m,Binary,Redes,8.32
B4-HD2-1.5,Binary B4 Series 4K Ultra HD High Speed HDMI Cable with Ethernet - 1.5m 5FT,[B4-HD2-1.5] Binary B4 Series 4K Ultra HD High Speed HDMI Cable with Ethernet - 1.5m 5FT,Binary,Redes,10.01
B4-HD2-2,Binary B4 Series 4K Ultra HD High Speed HDMI Cable with Ethernet 2m 6.5FT,[B4-HD2-2] Binary B4 Series 4K Ultra HD High Speed HDMI Cable with Ethernet 2m 6.5FT,Binary,Redes,11.7
B4-HD2-3,Binary B4 Series 4K Ultra HD High Speed HDMI Cable with Ethernet - 3m 10FT,[B4-HD2-3] Binary B4 Series 4K Ultra HD High Speed HDMI Cable with Ethernet - 3m 10FT,Binary,Redes,15.02
B4-HD2-4,Binary B4 Series 4K Ultra HD High Speed HDMI Cable with Ethernet 4m,[B4-HD2-4] Binary B4 Series 4K Ultra HD High Speed HDMI Cable with Ethernet 4m,Binary,Redes,20.09
B4-HD2-5,Binary B4 Series 4K Ultra HD High Speed HDMI Cable with Ethernet 5m,[B4-HD2-5] Binary B4 Series 4K Ultra HD High Speed HDMI Cable with Ethernet 5m,Binary,Redes,24.83
B4-HD2-7.5,Binary B4 Series 4K Ultra HD High Speed HDMI Cable with Ethernet 7.5m,[B4-HD2-7.5] Binary B4 Series 4K Ultra HD High Speed HDMI Cable with Ethernet 7.5m,Binary,Redes,38.09
B4-TOS-1,Binary B4 Series Toslink Cable,[B4-TOS-1] Binary B4 Series Toslink Cable,Binary,Redes,14.29
B4-TOS-10,Binary B4 Series Toslink Cable - 32.81 ft (10m),[B4-TOS-10] Binary B4 Series Toslink Cable - 32.81 ft (10m),Binary,Redes,51.86
B4-TOS-2,Binary B4 Series Toslink Cable - 6.5 Ft (2 M),[B4-TOS-2] Binary B4 Series Toslink Cable - 6.5 Ft (2 M),Binary,Redes,18.19
B4-TOS-4,Binary B4 Series Toslink Cable 13.1ft / 4m,[B4-TOS-4] Binary B4 Series Toslink Cable 13.1ft / 4m,Binary,Redes,27.24
B4-TOS-7.5,Binary B4 Series Toslink Cable 24.6ft / 7.5m,[B4-TOS-7.5] Binary B4 Series Toslink Cable 24.6ft / 7.5m,Binary,Redes,42.3
B5-AUD-1,Binary Cables B5 Series Analog Audio Cable 3.3 FT 1M,[B5-AUD-1] Binary Cables B5 Series Analog Audio Cable 3.3 FT 1M,Binary,Redes,21.57
B5-DIGCOAX-1,Binary Cables B5 Series Digital Coax Cable 1MT - 3.3FT,[B5-DIGCOAX-1] Binary Cables B5 Series Digital Coax Cable 1MT - 3.3FT,Binary,Redes,16.62
B5-SUB-2,Binary Cables B5 Series Subwoofer Cable - 6.5FT (2 M),[B5-SUB-2] Binary Cables B5 Series Subwoofer Cable - 6.5FT (2 M),Binary,Redes,25.19
B5-SUB-4,Binary Cables B5 Series Subwoofer Cable (13.1FT),[B5-SUB-4] Binary Cables B5 Series Subwoofer Cable (13.1FT),Binary,Redes,27.99
B6-4K-90DOWN-5PACK,Binary B6 Series GripTek 4K HDMI 90 Down Adapter (Pack x5),[B6-4K-90DOWN-5PACK] Binary B6 Series GripTek 4K HDMI 90 Down Adapter (Pack x5),Binary,Redes,36.61
B6-4K-90UP-5PACK,Binary B6 Series GripTek 4K HDMI 90 Up Adapter (Pack x5),[B6-4K-90UP-5PACK] Binary B6 Series GripTek 4K HDMI 90 Up Adapter (Pack x5),Binary,Redes,36.61
B6-4K2-.3,Binary B6 Series 4K Ultra HD Premium Certified High Speed HDMI Cable with GripTek 0.3m,[B6-4K2-.3] Binary B6 Series 4K Ultra HD Premium Certified High Speed HDMI Cable with GripTek 0.3m,Binary,Redes,8.8
B6-4K2-.4,Binary B6 Series 4K Ultra HD Premium Certified High Speed HDMI Cable with GripTek 0.4m,[B6-4K2-.4] Binary B6 Series 4K Ultra HD Premium Certified High Speed HDMI Cable with GripTek 0.4m,Binary,Redes,9.01
B6-4K2-.7,Binary B6 Series 4K Ultra HD Premium Certified High Speed HDMI Cable with GripTek - 0 7M (2ft),[B6-4K2-.7] Binary B6 Series 4K Ultra HD Premium Certified High Speed HDMI Cable with GripTek - 0 7M (2ft),Binary,Redes,10.1
B6-4K2-.7-25BOX,Binary B6 Series 4K Ultra HD Premium Certified High Speed HDMI Cable with GripTek Box of 25 7M (2.3 ft),[B6-4K2-.7-25BOX] Binary B6 Series 4K Ultra HD Premium Certified High Speed HDMI Cable with GripTek Box of 25 7M (2.3 ft),Binary,Redes,240.49
B6-4K2-1,Binary B6 Cable HDMI 1M-3.3FT Series 4K Ultra HD Premium Certified High Speed with GripTek,[B6-4K2-1] Binary B6 Cable HDMI 1M-3.3FT Series 4K Ultra HD Premium Certified High Speed with GripTek,Binary,Redes,12.99
B6-4K2-1.5,Binary B6 Cable HDMI 1.5M-5FT Series 4K Ultra HD Premium Certified High Speed with GripTek,[B6-4K2-1.5] Binary B6 Cable HDMI 1.5M-5FT Series 4K Ultra HD Premium Certified High Speed with GripTek,Binary,Redes,16.86
B6-4K2-1.5-20BOX,Binary B6 Series 4K Ultra HD Premium Certified High Speed HDMI Cable with GripTek Box of 20 1.5M (5FT),[B6-4K2-1.5-20BOX] Binary B6 Series 4K Ultra HD Premium Certified High Speed HDMI Cable with GripTek Box of 20 1.5M (5FT),Binary,Redes,320.76
B6-4K2-10,B6 Active 4K High Speed HDMI Cables with Ethernet - 10m (32.8 ft),[B6-4K2-10] B6 Active 4K High Speed HDMI Cables with Ethernet - 10m (32.8 ft),Binary,Redes,94.89
B6-4K2-10 - borrar,B6 Active 4K High Speed HDMI Cables with Ethernet - 10m (32.8 ft) - borrar,[B6-4K2-10 - borrar] B6 Active 4K High Speed HDMI Cables with Ethernet - 10m (32.8 ft) - borrar,Binary,Redes,94.89
B6-4K2-2,Binary B6 Cable HDMI 2M-6.5FT Series 4K Ultra HD Premium Certified High Speed with GripTek,[B6-4K2-2] Binary B6 Cable HDMI 2M-6.5FT Series 4K Ultra HD Premium Certified High Speed with GripTek,Binary,Redes,20.79
B6-4K2-2-20BOX,Binary B6 Series 4K Ultra HD Premium Certified High Speed HDMI® Cable with GripTek™ - Box of 20 - 2M (6.5 ft),[B6-4K2-2-20BOX] Binary B6 Series 4K Ultra HD Premium Certified High Speed HDMI® Cable with GripTek™ - Box of 20 - 2M (6.5 ft),Binary,Redes,384.79
B6-4K2-3,Binary B6 Cable HDMI 3M-10FT Series 4K Ultra HD Premium Certified High Speed with GripTek,[B6-4K2-3] Binary B6 Cable HDMI 3M-10FT Series 4K Ultra HD Premium Certified High Speed with GripTek,Binary,Redes,28.59
B6-4K2-4,Binary B6 Series 4K Ultra HD Premium Certified High Speed HDMI Cable with GripTek 4m,[B6-4K2-4] Binary B6 Series 4K Ultra HD Premium Certified High Speed HDMI Cable with GripTek 4m,Binary,Redes,35.09
B6-4K2-5,Binary B6 Series 4K Ultra HD Premium Certified High Speed HDMI Cable with GripTek 5m,[B6-4K2-5] Binary B6 Series 4K Ultra HD Premium Certified High Speed HDMI Cable with GripTek 5m,Binary,Redes,44.19
B6-4K2-7.5,Binary B6 Cable HDMI 7.5M-25FT Series 4K Ultra HD Premium Certified High Speed with GripTek,[B6-4K2-7.5] Binary B6 Cable HDMI 7.5M-25FT Series 4K Ultra HD Premium Certified High Speed with GripTek,Binary,Redes,61.09
B6A-1080-20,Binary B6A Active Series High Speed HDMI Cables with Ethernet 20m,[B6A-1080-20] Binary B6A Active Series High Speed HDMI Cables with Ethernet 20m,Binary,Redes,185.63
B6A-1080-25,Binary B6A Active Series High Speed HDMI Cables with Ethernet 25m,[B6A-1080-25] Binary B6A Active Series High Speed HDMI Cables with Ethernet 25m,Binary,Redes,267.53
B6A-1080-30,Binary B6A Active Series High Speed HDMI Cables with Ethernet 30m,[B6A-1080-30] Binary B6A Active Series High Speed HDMI Cables with Ethernet 30m,Binary,Redes,326.29
B6A-4K2-10,Binary B6 Series Active 4K High Speed HDMI Cables with Ethernet 10m (32.8 ft),[B6A-4K2-10] Binary B6 Series Active 4K High Speed HDMI Cables with Ethernet 10m (32.8 ft),Binary,Redes,94.89
B6A-4K2-15,Binary B6 Active 4K High Speed HDMI Cables with Ethernet 15m,[B6A-4K2-15] Binary B6 Active 4K High Speed HDMI Cables with Ethernet 15m,Binary,Redes,133.89
B6A-4K2-20,Binary B6 Series Active 4K High Speed HDMI Cables with Ethernet - 20m (65.6 ft),[B6A-4K2-20] Binary B6 Series Active 4K High Speed HDMI Cables with Ethernet - 20m (65.6 ft),Binary,Redes,162.49
B6A-4K2-25,Binary B6 Active 4K High Speed HDMI Cables with Ethernet 25m,[B6A-4K2-25] Binary B6 Active 4K High Speed HDMI Cables with Ethernet 25m,Binary,Redes,274.35
B6A-4K2-30,Binary B6 Active 4K High Speed HDMI Cables with Ethernet 30m,[B6A-4K2-30] Binary B6 Active 4K High Speed HDMI Cables with Ethernet 30m,Binary,Redes,351.42
B8-FIBER-4KHDR-40,Binary B8 Series Active 4K Ultra HD with HDR High Speed Fiber Optic HDMI Cables 40m,[B8-FIBER-4KHDR-40] Binary B8 Series Active 4K Ultra HD with HDR High Speed Fiber Optic HDMI Cables 40m,Binary,Redes,408.12
B8-FIBER2-4KHDR-20,Binary B8 Series Active 4K Ultra HD with HDR High Speed Fiber Optic HDMI Cables - 20m (65.6 ft),[B8-FIBER2-4KHDR-20] Binary B8 Series Active 4K Ultra HD with HDR High Speed Fiber Optic HDMI Cables - 20m (65.6 ft),Binary,Redes,309.84
B8-FIBER2-4KHDR-50,Binary B8 Series Active 4K Ultra HD with HDR High Speed Fiber Optic HDMI Cables 50m,[B8-FIBER2-4KHDR-50] Binary B8 Series Active 4K Ultra HD with HDR High Speed Fiber Optic HDMI Cables 50m,Binary,Redes,520.05
BC-BANANA,Binary Gold Plated Banana Plugs Black Red - 20 Pairs,[BC-BANANA] Binary Gold Plated Banana Plugs Black Red - 20 Pairs,Binary,Redes,129.99
BX-8K-.3,Binary BX Series 8K Ultra HD High Speed HDMI Cable with GripTek 0.3m,[BX-8K-.3] Binary BX Series 8K Ultra HD High Speed HDMI Cable with GripTek 0.3m,Binary,Redes,26.39
BX-8K-.4,Binary BX Series 8K Ultra HD High Speed HDMI Cable with GripTek 0.4m,[BX-8K-.4] Binary BX Series 8K Ultra HD High Speed HDMI Cable with GripTek 0.4m,Binary,Redes,26.75
BX-8K-1,Binary BX Series 8K Ultra HD High Speed HDMI Cable with GripTek 1m (3.3 ft),[BX-8K-1] Binary BX Series 8K Ultra HD High Speed HDMI Cable with GripTek 1m (3.3 ft),Binary,Redes,29.11
BX-8K-1.5,Binary BX Series 8K Ultra HD High Speed HDMI Cable with GripTek 1.5m,[BX-8K-1.5] Binary BX Series 8K Ultra HD High Speed HDMI Cable with GripTek 1.5m,Binary,Redes,30.79
BX-8K-10,Binary BX Series 8K Ultra HD High Speed HDMI Cable with GripTek 10m,[BX-8K-10] Binary BX Series 8K Ultra HD High Speed HDMI Cable with GripTek 10m,Binary,Redes,355.73
BX-8K-15,Binary BX Series Active 8K Ultra HD High Speed HDMI® Cable with GripTek - 15m (49.2 ft),[BX-8K-15] Binary BX Series Active 8K Ultra HD High Speed HDMI® Cable with GripTek - 15m (49.2 ft),Binary,Redes,387.79
BX-8K-2,Binary BX Series 8K Ultra HD High Speed HDMI Cable with GripTek 2m (6.5 ft),[BX-8K-2] Binary BX Series 8K Ultra HD High Speed HDMI Cable with GripTek 2m (6.5 ft),Binary,Redes,32.19
BX-8K-20,Binary BX Series 8K Ultra HD High Speed HDMI Cable with GripTek 20m,[BX-8K-20] Binary BX Series 8K Ultra HD High Speed HDMI Cable with GripTek 20m,Binary,Redes,418.94
BX-8K-3,Binary BX Cable HDMI 3M-10FT Series 8K Ultra HD High Speed with GripTek,[BX-8K-3] Binary BX Cable HDMI 3M-10FT Series 8K Ultra HD High Speed with GripTek,Binary,Redes,35.64
BX-8K-4,Binary BX Series 8K Ultra HD High Speed HDMI Cable with GripTek 4m,[BX-8K-4] Binary BX Series 8K Ultra HD High Speed HDMI Cable with GripTek 4m,Binary,Redes,317.51
BX-8K-5,Binary BX Series 8K Ultra HD High Speed HDMI Cable with GripTek 5m,[BX-8K-5] Binary BX Series 8K Ultra HD High Speed HDMI Cable with GripTek 5m,Binary,Redes,326.33
BX-8K-7.5,Binary BX Series 8K Ultra HD High Speed HDMI Cable with GripTek 7.5m,[BX-8K-7.5] Binary BX Series 8K Ultra HD High Speed HDMI Cable with GripTek 7.5m,Binary,Redes,341.03
CLR-V100-2T36B,ClareVision 2MP IP Turret Camera (Black),[CLR-V100-2T36B] ClareVision 2MP IP Turret Camera (Black),ClareVision,Cámaras de seguridad,100.2
CLR-V100-4B36W,4MP IP Bullet Camera (White),[CLR-V100-4B36W] 4MP IP Bullet Camera (White),ClareVision,Cámaras de seguridad,98.37
CLR-V200-4D28B,ClareVision 4MP IP Mini Dome Camera (Black),[CLR-V200-4D28B] ClareVision 4MP IP Mini Dome Camera (Black),ClareVision,Cámaras de seguridad,114.6
CLR-V300-16PNVR4,ClareVision V300 Series NVR - 16 Channel | 4TB,[CLR-V300-16PNVR4] ClareVision V300 Series NVR - 16 Channel | 4TB,ClareVision,Cámaras de seguridad,880.6
AC-DOTS1-W,Duct/Outdoor Remote Temperature Sensor,[AC-DOTS1-W] Duct/Outdoor Remote Temperature Sensor,Control4,Domótica C4,20.27
AC-FMTS1-W,Flush Mount Remote Temperature Sensor,[AC-FMTS1-W] Flush Mount Remote Temperature Sensor,Control4,Domótica C4,35.21
C4-4Sight-E,1 Year 4Sight Subscription Kit,[C4-4Sight-E] 1 Year 4Sight Subscription Kit,Control4,Domótica C4,120.0
C4-AK-3M,3-Meter Wireless Antenna Kit,[C4-AK-3M] 3-Meter Wireless Antenna Kit,Control4,Domótica C4,23.0
C4-APD240,Adaptive Phase Dimmer 240V,Adaptive Phase Dimmer 240V,Control4,Domótica C4,184.8
C4-APD240-C,Adaptive Phase Dimmer Contemporary 240V,Adaptive Phase Dimmer Contemporary 240V,Control4,Domótica C4,184.8
C4-CA1-V2,CA-1 Hub and Automation Controller V2,[C4-CA1-V2] CA-1 Hub and Automation Controller V2,Control4,Domótica C4,471.91
C4-CA10,CA 10 Hub and Automation Controller,[C4-CA10] CA 10 Hub and Automation Controller,Control4,Domótica C4,4216.28
C4-CBL3.5-DB9B,3.5mm to DB9 Serial Cable,[C4-CBL3.5-DB9B] 3.5mm to DB9 Serial Cable,Control4,Domótica C4,21.91
C4-CBLIR-BULK,Cable emision Remota Infrarojo Plug 3.5mm (5 Pack),[C4-CBLIR-BULK] Cable emision Remota Infrarojo Plug 3.5mm (5 Pack),Control4,Domótica C4,40.07
C4-CBLIRF-BULK,Emisores IR con retroalimentacion optica (paquete de 5),[C4-CBLIRF-BULK] Emisores IR con retroalimentacion optica (paquete de 5),Control4,Domótica C4,40.07
C4-CBLRJ45-DB9,Serial Cable RJ45 to DB9M for C4-CA1,[C4-CBLRJ45-DB9] Serial Cable RJ45 to DB9M for C4-CA1,Control4,Domótica C4,22.06
C4-CK4SF,Color Kit Fan Speed Controller,Color Kit Fan Speed Controller,Control4,Domótica C4,17.3
C4-CK4SF-C,Color Kit Contemporary Fan Speed Controller,Color Kit Contemporary Fan Speed Controller,Control4,Domótica C4,17.3
C4-CKFPDAPD,Color Kit Forward & Adaptive Phase Dimmer,Color Kit Forward & Adaptive Phase Dimmer,Control4,Domótica C4,9.24
C4-CKFPDAPD-C,Color Kit Contemporary Forward & Adaptive Phase Dimmer,Color Kit Contemporary Forward & Adaptive Phase Dimmer,Control4,Domótica C4,9.24
C4-CKKA,Color Kit Auxiliary Keypad,Color Kit Auxiliary Keypad,Control4,Domótica C4,9.24
C4-CKKA-C,Color Kit Contemporary Auxiliary Keypad,Color Kit Contemporary Auxiliary Keypad,Control4,Domótica C4,9.24
C4-CKKC,Color Kit Configurable Keypad,Color Kit Configurable Keypad,Control4,Domótica C4,25.35
C4-CKKC-C,Color Kit Contemporary Configurable Keypad,Color Kit Contemporary Configurable Keypad,Control4,Domótica C4,25.35
C4-CKKD,Color Kit Decora Keypad Dimmers,Color Kit Decora Keypad Dimmers,Control4,Domótica C4,25.35
C4-CKKD-C,Color Kit Contemporary Keypad Dimmer,Color Kit Contemporary Keypad Dimmer,Control4,Domótica C4,25.35
C4-CKSK,Color Kit Square Keypad Buttons,Color Kit Square Keypad Buttons,Control4,Domótica C4,23.0
C4-CKSK-C,Color Kit Contemporary Square Keypad Buttons,Color Kit Contemporary Square Keypad Buttons,Control4,Domótica C4,21.76
C4-CKSR,Color Kit Square Rocker Button,Color Kit Square Rocker Button,Control4,Domótica C4,9.24
C4-CKSR-C,Color Kit Contemporary Square Rocker Button,Color Kit Contemporary Square Rocker Button,Control4,Domótica C4,8.76
C4-CKSWITCH,Color Kit Switch,Color Kit Switch,Control4,Domótica C4,9.24
C4-CKSWITCH-C,Color Kit Contemporary Switch,Color Kit Contemporary Switch,Control4,Domótica C4,9.24
C4-CORE-LITE-RSK,Single Room Bundle with CORE lite + SR260 with Recharge Station,[C4-CORE-LITE-RSK] Single Room Bundle with CORE lite + SR260 with Recharge Station,Control4,Domótica C4,771.11
C4-CORE-LITE-TS-V-AS,Single Room Bundle with CORE Lite + Halo Touch (Silver),[C4-CORE-LITE-TS-V-AS] Single Room Bundle with CORE Lite + Halo Touch (Silver),Control4,Domótica C4,1233.78
C4-CORE-LITE-TS-V-BL,Single Room Bundle with CORE Lite + Halo Touch (Black),[C4-CORE-LITE-TS-V-BL] Single Room Bundle with CORE Lite + Halo Touch (Black),Control4,Domótica C4,1233.78
C4-CORE-LITE-V-BL,Single Room Bundle with CORE lite + Halo,[C4-CORE-LITE-V-BL] Single Room Bundle with CORE lite + Halo,Control4,Domótica C4,1002.44
C4-CORE1,CORE 1 Controller,[C4-CORE1] CORE 1 Controller,Control4,Domótica C4,742.43
C4-CORE1-RMK,CORE 1 Rack-Mount Kit | 1U,[C4-CORE1-RMK] CORE 1 Rack-Mount Kit | 1U,Control4,Domótica C4,84.49
C4-CORE1-WM,Soporte de montaje en pared CORE 1,[C4-CORE1-WM] Soporte de montaje en pared CORE 1,Control4,Domótica C4,28.17
C4-CORE3,CORE 3 Controller,[C4-CORE3] CORE 3 Controller,Control4,Domótica C4,1384.96
C4-CORE3-WM,CORE 3 Wall-Mount Bracket,[C4-CORE3-WM] CORE 3 Wall-Mount Bracket,Control4,Domótica C4,28.17
C4-CORE5,CORE 5 Controller,[C4-CORE5] CORE 5 Controller,Control4,Domótica C4,2911.87
C4-DCIM4,4-Channel Bus Dry Contact Input Module,[C4-DCIM4] 4-Channel Bus Dry Contact Input Module,Control4,Domótica C4,112.66
C4-DIN-8APD-E,DIN-Rail 8-Channel Adaptive Phase Dimmer V2,[C4-DIN-8APD-E] DIN-Rail 8-Channel Adaptive Phase Dimmer V2,Control4,Domótica C4,1248.79
C4-DIN-8RELSW-E,DIN-Rail 8-Channel Relay V2,[C4-DIN-8RELSW-E] DIN-Rail 8-Channel Relay V2,Control4,Domótica C4,827.82
C4-DIN-8TV-V3,DIN-Rail 8-Channel 0-10V Dimmer V3,[C4-DIN-8TV-V3] DIN-Rail 8-Channel 0-10V Dimmer V3,Control4,Domótica C4,876.34
C4-DIN-BEG-V2,Bus Ethernet Gateway V2,[C4-DIN-BEG-V2] Bus Ethernet Gateway V2,Control4,Domótica C4,248.79
C4-DIN-BPS48,48V Bus Power Supply,[C4-DIN-BPS48] 48V Bus Power Supply,Control4,Domótica C4,150.22
C4-DIN-TB-8REL-V2,Terminal Block DIN-Rail 8-Channel Relay V2,[C4-DIN-TB-8REL-V2] Terminal Block DIN-Rail 8-Channel Relay V2,Control4,Domótica C4,81.37
C4-DM201-LW-Z,Wireless Low-Wattage Puck Dimmer (220-240VAC),[C4-DM201-LW-Z] Wireless Low-Wattage Puck Dimmer (220-240VAC),Control4,Domótica C4,221.45
C4-DM201-Z,Wireless International Puck Dimmer Module (240V),[C4-DM201-Z] Wireless International Puck Dimmer Module (240V),Control4,Domótica C4,151.84
C4-DOCK10,Replacement Tabletop Dock For C4-TT10,[C4-DOCK10] Replacement Tabletop Dock For C4-TT10,Control4,Domótica C4,363.05
C4-DOCK7,Replacement Tabletop Dock For C4-TT7,[C4-DOCK7] Replacement Tabletop Dock For C4-TT7,Control4,Domótica C4,261.32
C4-DS2BB,DS2 Flush Mount Installation Back Box,[C4-DS2BB] DS2 Flush Mount Installation Back Box,Control4,Domótica C4,84.49
C4-DS2FM-BN,DS2 Door Station Flush Mount,[C4-DS2FM-BN] DS2 Door Station Flush Mount,Control4,Domótica C4,1507.0
C4-DS2MINIADAPT,Control4 - DSC to DS2 Mini Adapter Kit,[C4-DS2MINIADAPT] Control4 - DSC to DS2 Mini Adapter Kit,Control4,Domótica C4,97.0
C4-DS2MINIBB,DS2 Mini Flush Back Box,[C4-DS2MINIBB] DS2 Mini Flush Back Box,Control4,Domótica C4,38.65
C4-DS2TKP,DS2 Touch Keypad,[C4-DS2TKP] DS2 Touch Keypad,Control4,Domótica C4,285.4
C4-DS3VK-2KPFM-BN,DS3 2-Module Keypad Door Station - Flush Mount - Brushed Nickel,[C4-DS3VK-2KPFM-BN] DS3 2-Module Keypad Door Station - Flush Mount - Brushed Nickel,Control4,Domótica C4,2027.2
C4-HALO-BL,Halo Remote (BLACK),[C4-HALO-BL] Halo Remote (BLACK),Control4,Domótica C4,449.69
C4-HALO-TS,Halo Touch Remote,Halo Touch Remote,Control4,Domótica C4,735.9
C4-KA,Auxiliary Keypad,Auxiliary Keypad,Control4,Domótica C4,45.54
C4-KA-C,Auxiliary Keypad Contemporary,Auxiliary Keypad Contemporary,Control4,Domótica C4,45.54
C4-KC240,Configurable Keypad 240V,Configurable Keypad 240V,Control4,Domótica C4,203.74
C4-KC240-C,Configurable Keypad Contemporary 240V,Configurable Keypad Contemporary 240V,Control4,Domótica C4,203.74
C4-KCB,Decora Wired Keypad,Decora Wired Keypad,Control4,Domótica C4,186.2
C4-KCB-C,Wired Keypad Contemporary,Wired Keypad Contemporary,Control4,Domótica C4,186.2
C4-KCBCONN2-20,Wired Keypad Connector V2 (20-pack),[C4-KCBCONN2-20] Wired Keypad Connector V2 (20-pack),Control4,Domótica C4,59.46
C4-KD240,Keypad Dimmer 240V,Keypad Dimmer 240V,Control4,Domótica C4,254.65
C4-KD240-C,Keypad Dimmer Contemporary 240V,Keypad Dimmer Contemporary 240V,Control4,Domótica C4,254.8
C4-KPTK1-M-B,Keypad Tabletop Kit (Black),[C4-KPTK1-M-B] Keypad Tabletop Kit (Black),Control4,Domótica C4,27.93
C4-KPTK1-M-W,Tabletop Keypad Kit (White),[C4-KPTK1-M-W] Tabletop Keypad Kit (White),Control4,Domótica C4,27.93
C4-L-4SF120,Lux Variable Speed Controller,[C4-L-4SF120] Lux Variable Speed Controller,Control4,Domótica C4,315.0
C4-L-CDK,Control4 Lux Color Design Kit,[C4-L-CDK] Control4 Lux Color Design Kit,Control4,Domótica C4,1400.0
C4-L-CDSW,Lux Dual Dimmer Switch Keypad,[C4-L-CDSW] Lux Dual Dimmer Switch Keypad,Control4,Domótica C4,315.0
C4-L-CKKC,"Lux Color Kit, Configurable Keypad and Keypad Dimmer","Lux Color Kit, Configurable Keypad and Keypad Dimmer",Control4,Domótica C4,63.0
C4-L-DCASE,Control4 Lux Sales Demo Case,[C4-L-DCASE] Control4 Lux Sales Demo Case,Control4,Domótica C4,2520.0
C4-L-FP1,"Lux Faceplate, 1 Gang","Lux Faceplate, 1 Gang",Control4,Domótica C4,49.0
C4-L-FP1-AG,"Lux Faceplate, 1 Gang - Ash Gray","[C4-L-FP1-AG] Lux Faceplate, 1 Gang - Ash Gray",Control4,Domótica C4,73.5
C4-L-FP1-BS,"Lux Faceplate, 1 Gang - Antique Brass","[C4-L-FP1-BS] Lux Faceplate, 1 Gang - Antique Brass",Control4,Domótica C4,73.5
C4-L-FP1-BZ,"Lux Faceplate, 1 Gang - Antique Bronze","[C4-L-FP1-BZ] Lux Faceplate, 1 Gang - Antique Bronze",Control4,Domótica C4,73.5
C4-L-FP1-CH,"Lux Faceplate, 1 Gang - Chrome","[C4-L-FP1-CH] Lux Faceplate, 1 Gang - Chrome",Control4,Domótica C4,73.5
C4-L-FP1-MS,"Lux Faceplate, 1 Gang - Matte Stainless","[C4-L-FP1-MS] Lux Faceplate, 1 Gang - Matte Stainless",Control4,Domótica C4,73.5
C4-L-FP1-SB,"Lux Faceplate, 1 Gang - Satin Bronze","[C4-L-FP1-SB] Lux Faceplate, 1 Gang - Satin Bronze",Control4,Domótica C4,73.5
C4-L-FP1-SN,"Lux Faceplate, 1 Gang - Satin Nickel","[C4-L-FP1-SN] Lux Faceplate, 1 Gang - Satin Nickel",Control4,Domótica C4,73.5
C4-L-FP1-VB,"Lux Faceplate, 1 Gang - Venetian Bronze","[C4-L-FP1-VB] Lux Faceplate, 1 Gang - Venetian Bronze",Control4,Domótica C4,73.5
C4-L-FP2,"Lux Faceplate, 2 Gang","Lux Faceplate, 2 Gang",Control4,Domótica C4,56.0
C4-L-FSW,Lux Fireplace Switch,[C4-L-FSW] Lux Fireplace Switch,Control4,Domótica C4,280.0
C4-L-KA,Lux Auxiliary Keypad,[C4-L-KA] Lux Auxiliary Keypad,Control4,Domótica C4,70.0
C4-L-KC,Lux Configurable Keypad,[C4-L-KC] Lux Configurable Keypad,Control4,Domótica C4,245.0
C4-L-KCB,Lux Wired Keypad,[C4-L-KCB] Lux Wired Keypad,Control4,Domótica C4,245.0
C4-L-KDS,Lux Keypad Dimmer Switch,[C4-L-KDS] Lux Keypad Dimmer Switch,Control4,Domótica C4,315.0
C4-L-MDIM,Control4 Lux Motion Dimmer,[C4-L-MDIM] Control4 Lux Motion Dimmer,Control4,Domótica C4,280.0
C4-L-SW,Lux Switch,[C4-L-SW] Lux Switch,Control4,Domótica C4,245.0
C4-L-TV,Lux 0-10V Dimmer,[C4-L-TV] Lux 0-10V Dimmer,Control4,Domótica C4,280.0
C4-L-UDIM,Lux Universal Dimmer,[C4-L-UDIM] Lux Universal Dimmer,Control4,Domótica C4,280.0
C4-MSW-10PK-C-SW,"Mechanical Switch, Contemporary, 120-277VAC/15A (Snow White)","[C4-MSW-10PK-C-SW] Mechanical Switch, Contemporary, 120-277VAC/15A (Snow White)",Control4,Domótica C4,75.33
C4-NWB57C-P,New Construction In-Wall Touchscreen Back Box (Plastic),[C4-NWB57C-P] New Construction In-Wall Touchscreen Back Box (Plastic),Control4,Domótica C4,11.66
C4-RBATT-250,SR-260 and SR-250 Battery and Cover,[C4-RBATT-250] SR-260 and SR-250 Battery and Cover,Control4,Domótica C4,51.62
C4-RWB57C-P,Retrofit In-Wall Touchscreen Back Box (Plastic),[C4-RWB57C-P] Retrofit In-Wall Touchscreen Back Box (Plastic),Control4,Domótica C4,11.66
C4-SAPD240-N,Square Wireless Adaptive Phase Dimmer 240V (Neutral),[C4-SAPD240-N] Square Wireless Adaptive Phase Dimmer 240V (Neutral),Control4,Domótica C4,203.74
C4-SB10P-C,Sensor Bar Contemporary 10-pack (Clear),[C4-SB10P-C] Sensor Bar Contemporary 10-pack (Clear),Control4,Domótica C4,2.34
C4-SDAPD240-N,Square Dual Load Wireless Adaptive Phase Dimmer,[C4-SDAPD240-N] Square Dual Load Wireless Adaptive Phase Dimmer,Control4,Domótica C4,244.48
C4-SDSW240-N,Square Dual Load Wireless Switch 240V (Neutral),[C4-SDSW240-N] Square Dual Load Wireless Switch 240V (Neutral),Control4,Domótica C4,193.51
C4-SFP1,Square Single Faceplate,Square Single Faceplate,Control4,Domótica C4,7.52
C4-SFP1-C,Square Single Faceplate Contemporary,Square Single Faceplate Contemporary,Control4,Domótica C4,7.13
C4-SFP2-WH,Square Dual Faceplate (White),[C4-SFP2-WH] Square Dual Faceplate (White),Control4,Domótica C4,10.0
C4-SKC-N,Square Wireless Configurable Keypad 240V (Neutral),[C4-SKC-N] Square Wireless Configurable Keypad 240V (Neutral),Control4,Domótica C4,183.34
C4-SKCB2-N,Square Wired Configurable Keypad V2 (Neutral),[C4-SKCB2-N] Square Wired Configurable Keypad V2 (Neutral),Control4,Domótica C4,181.51
C4-SM201-Z,Wireless International Puck Switch Module (240V),[C4-SM201-Z] Wireless International Puck Switch Module (240V),Control4,Domótica C4,178.21
C4-SR260,System SR260 Remote Control,[C4-SR260] System SR260 Remote Control,Control4,Domótica C4,224.55
C4-SR260RSK,System SR260 Remote Control and Recharging Station,[C4-SR260RSK] System SR260 Remote Control and Recharging Station,Control4,Domótica C4,336.84
C4-SRRS,System Remote Recharging Station,[C4-SRRS] System Remote Recharging Station,Control4,Domótica C4,82.92
C4-SSW240-N,Square Wireless Switch 240V (Neutral),[C4-SSW240-N] Square Wireless Switch 240V (Neutral),Control4,Domótica C4,163.02
C4-SW240,Switch 240V,Switch 240V,Control4,Domótica C4,142.8
C4-SW240-C,Switch Contemporary 240V,Switch Contemporary 240V,Control4,Domótica C4,142.8
C4-T4IWMB-AC,AC Powered Mid Box for T4 In Wall Touchscreens,[C4-T4IWMB-AC] AC Powered Mid Box for T4 In Wall Touchscreens,Control4,Domótica C4,106.4
C4-T4IWMB-POE,POE Powered Mid Box for T4 In Wall Touchscreens,[C4-T4IWMB-POE] POE Powered Mid Box for T4 In Wall Touchscreens,Control4,Domótica C4,70.42
C4-T4PMNT,T4 Series Tabletop Permanent Mount Kit,[C4-T4PMNT] T4 Series Tabletop Permanent Mount Kit,Control4,Domótica C4,76.66
C4-T4TBS10,"T4 Series Tabletop 10"" Base","[C4-T4TBS10] T4 Series Tabletop 10"" Base",Control4,Domótica C4,201.85
C4-T4TBS8,"T4 Series Tabletop 8"" Base","[C4-T4TBS8] T4 Series Tabletop 8"" Base",Control4,Domótica C4,201.85
C4-T5IW11,"T5 Series In-Wall Touchscreen 11""","T5 Series In-Wall Touchscreen 11""",Control4,Domótica C4,1389.84
C4-T5IW11-TR,"T5 Series In-Wall Touchscreen 11"" Trim Ring","T5 Series In-Wall Touchscreen 11"" Trim Ring",Control4,Domótica C4,69.99
C4-T5IW8,"T5 Series In-Wall Touchscreen 8""","T5 Series In-Wall Touchscreen 8""",Control4,Domótica C4,1097.24
C4-T5IW8-TR,"T5 Series In-Wall Touchscreen 8"" Trim Ring","T5 Series In-Wall Touchscreen 8"" Trim Ring",Control4,Domótica C4,69.99
C4-THERM-WH,Wireless Thermostat by Aprilaire 8644C4,[C4-THERM-WH] Wireless Thermostat by Aprilaire 8644C4,Control4,Domótica C4,394.35
C4-TV240,0-10V Dimmer 240V,0-10V Dimmer 240V,Control4,Domótica C4,193.51
C4-TV240-C,0-10V Dimmer Contemporary 240V,0-10V Dimmer Contemporary 240V,Control4,Domótica C4,193.51
C4-V-AUX-C-WH,Essential Auxiliary Keypad Contemporary,[C4-V-AUX-C-WH] Essential Auxiliary Keypad Contemporary,Control4,Domótica C4,37.95
C4-V-SW120277-C-WH,"Essential Switch, Contemporary, 120V/277V (White)","[C4-V-SW120277-C-WH] Essential Switch, Contemporary, 120V/277V (White)",Control4,Domótica C4,104.83
C4-VDB-E,Chime Video Doorbell PoE,[C4-VDB-E] Chime Video Doorbell PoE,Control4,Domótica C4,580.59
C4-VDB-E-ACC,Chime Video Doorbell PoE Accessory Kit (BLACK),[C4-VDB-E-ACC] Chime Video Doorbell PoE Accessory Kit (BLACK),Control4,Domótica C4,31.82
C4-VDB-JBOX,Chime Video Doorbell Junction Box,[C4-VDB-JBOX] Chime Video Doorbell Junction Box,Control4,Domótica C4,38.18
C4-VDB-W-ACC,Chime Video Doorbell Wi-Fi Accessory Kit,[C4-VDB-W-ACC] Chime Video Doorbell Wi-Fi Accessory Kit,Control4,Domótica C4,29.71
C4-Z2IO,ZigBee IO,[C4-Z2IO] ZigBee IO,Control4,Domótica C4,181.51
C4-ZWDUSB,Dongle USB to Z-Wave,[C4-ZWDUSB] Dongle USB to Z-Wave,Control4,Domótica C4,61.01
CRE-EDIDIO-10-2X,Creative Lighting DMX Universe Digital Lighting Gateway,[CRE-EDIDIO-10-2X] Creative Lighting DMX Universe Digital Lighting Gateway,Control4,Domótica C4,890.38
HDR-60-24,Mean Well DIN Rail 60 Watt 24V Power Supply,[HDR-60-24] Mean Well DIN Rail 60 Watt 24V Power Supply,Control4,Domótica C4,42.0
OVRC-300-PRO,OvrC Pro Lifetime License + Gigabit Hub,[OVRC-300-PRO] OvrC Pro Lifetime License + Gigabit Hub,Control4,Domótica C4,423.35
YALE-AYR202-ZB-C4,Network Module for Assure Lock and nexTouch,[YALE-AYR202-ZB-C4] Network Module for Assure Lock and nexTouch,Control4,Domótica C4,133.28
YRD256C42-619,Non-US Assure Lock SL Key Free Touchscreen Deadbolt (Satin Nickel),[YRD256C42-619] Non-US Assure Lock SL Key Free Touchscreen Deadbolt (Satin Nickel),Control4,Domótica C4,383.92
YRD256C42-OBP,Non-US Assure Lock SL Key Free Touchscreen Deadbolt Oil Rubbed Bronze,[YRD256C42-OBP] Non-US Assure Lock SL Key Free Touchscreen Deadbolt Oil Rubbed Bronze,Control4,Domótica C4,283.92
CRE-ADDICT,"ADDICT V3 - DALI, DMX & RDM Commissioning Tool","[CRE-ADDICT] ADDICT V3 - DALI, DMX & RDM Commissioning Tool",Creative Lighting,Domótica C4,2122.38
CRE-DALI-1D-KIT,Single Dali Bus Kit with Dali Power Supply,[CRE-DALI-1D-KIT] Single Dali Bus Kit with Dali Power Supply,Creative Lighting,Domótica C4,1540.0
CRE-DALI-1D1X-KIT,Single Dali Bus and Single DMX Universe Kit with Dali Power Supply,[CRE-DALI-1D1X-KIT] Single Dali Bus and Single DMX Universe Kit with Dali Power Supply,Creative Lighting,Domótica C4,2100.0
CRE-DALI-2D-KIT,Double Dali Bus Kit with Dali Power Supply,[CRE-DALI-2D-KIT] Double Dali Bus Kit with Dali Power Supply,Creative Lighting,Domótica C4,2520.0
CRE-EDIDIO-10-1D,Creative Lighting DALI Universe Digital Lighting Gateway,[CRE-EDIDIO-10-1D] Creative Lighting DALI Universe Digital Lighting Gateway,Creative Lighting,Domótica C4,1050.0
CRE-EDIDIO-10-1D-1X,Creative Lighting Ethernet DALI DMX Gateway,[CRE-EDIDIO-10-1D-1X] Creative Lighting Ethernet DALI DMX Gateway,Creative Lighting,Domótica C4,1295.0
CRE-EDIDIO-10-1X,Ethernet DMX 1-Channel Gateway,[CRE-EDIDIO-10-1X] Ethernet DMX 1-Channel Gateway,Creative Lighting,Domótica C4,722.33
CRE-EDIDIO-10-2D,Creative Lighting Ethernet DALI 2-Channel Gateway,[CRE-EDIDIO-10-2D] Creative Lighting Ethernet DALI 2-Channel Gateway,Creative Lighting,Domótica C4,1540.0
CRE-SPLTR-V2-LTNG,Creative Lighting DMX Splitter Repeater,[CRE-SPLTR-V2-LTNG] Creative Lighting DMX Splitter Repeater,Creative Lighting,Domótica C4,512.33
CRE-UBI-V2-PWR,Creative Lighting DALI Power 21V DC,[CRE-UBI-V2-PWR] Creative Lighting DALI Power 21V DC,Creative Lighting,Domótica C4,350.0
DF-SL-160-UAW,"Dragonfly™ Fixed Ultra AcoustiWeave™ Projection Screen (160"")","[DF-SL-160-UAW] Dragonfly™ Fixed Ultra AcoustiWeave™ Projection Screen (160"")",Dragonfly,Audio,4974.36
EA-300-LYNK,Episode - Lynk 300 Series Audio Casting Interface,[EA-300-LYNK] Episode - Lynk 300 Series Audio Casting Interface,Episode,Audio,290.68
EA-AMP-HYB-2D-1000,Episode 70V/8-ohm IP-Enabled Amplifier,[EA-AMP-HYB-2D-1000] Episode 70V/8-ohm IP-Enabled Amplifier,Episode,Audio,1290.66
EA-AMP-SUB-1D-300,Episode Digital Subwoofer Amplifier 300W x 1 Channel,[EA-AMP-SUB-1D-300] Episode Digital Subwoofer Amplifier 300W x 1 Channel,Episode,Audio,657.78
EA-AMP-SUB-1D-500R,Episode Digital Subwoofer Amplifier w/ Front Panel Display | 500W x 1 Channel,[EA-AMP-SUB-1D-500R] Episode Digital Subwoofer Amplifier w/ Front Panel Display | 500W x 1 Channel,Episode,Audio,845.49
EA-COM-AMP-4D-160,Episode - Business Music Solution 70V 100V 8ohm 4ohm Amplifier,[EA-COM-AMP-4D-160] Episode - Business Music Solution 70V 100V 8ohm 4ohm Amplifier,Episode,Audio,1232.0
EA-COM-AMP-4D-80,Episode Business Music Solution 70V 100V 8ohm 4ohm Amplifier,[EA-COM-AMP-4D-80] Episode Business Music Solution 70V 100V 8ohm 4ohm Amplifier,Episode,Audio,1029.0
EA-COM-DSP-8-4,Episode Business Music Solution Digital Signal Processor - 8x4,[EA-COM-DSP-8-4] Episode Business Music Solution Digital Signal Processor - 8x4,Episode,Audio,1118.6
EA-COM-MXAMP-350,Episode Business Music 2 x 350 MixAmp with 70V/100V/8ohm/4ohm Selectable Output,[EA-COM-MXAMP-350] Episode Business Music 2 x 350 MixAmp with 70V/100V/8ohm/4ohm Selectable Output,Episode,Audio,1106.0
EA-COM-WP-MIC,Episode Business Music Solution Microphone XLR Input Wall Plate,[EA-COM-WP-MIC] Episode Business Music Solution Microphone XLR Input Wall Plate,Episode,Audio,175.0
EA-COM-WP-RCA-WH,Episode Business Music Solution RCA 3.5mm Input Wall Plate (White),[EA-COM-WP-RCA-WH] Episode Business Music Solution RCA 3.5mm Input Wall Plate (White),Episode,Audio,175.0
EA-COM-WP-ZONE,Episode Business Music Solution Zone-Source Controller Wall Plate,[EA-COM-WP-ZONE] Episode Business Music Solution Zone-Source Controller Wall Plate,Episode,Audio,245.0
EA-DYN-12D-100,Episode Dynamic Series Class-D Amplifier | 100W x 12 Channels,[EA-DYN-12D-100] Episode Dynamic Series Class-D Amplifier | 100W x 12 Channels,Episode,Audio,1421.88
EA-DYN-16D-100,Episode Dynamic Series Digital Amplifier 100W x 16 Channels,[EA-DYN-16D-100] Episode Dynamic Series Digital Amplifier 100W x 16 Channels,Episode,Audio,1672.72
EA-DYN-2D-200,Episode Dynamic Series Class-D Amplifier | 200W x 2 Channels,[EA-DYN-2D-200] Episode Dynamic Series Class-D Amplifier | 200W x 2 Channels,Episode,Audio,637.85
EA-DYN-8D-100,Episode Dynamic Series Digital Amplifier 100W x 8 Channels,[EA-DYN-8D-100] Episode Dynamic Series Digital Amplifier 100W x 8 Channels,Episode,Audio,986.68
EA-HYB-AMP-2D-1200,Episode Hybrid 70V 8-ohm DSP Amplifier - 1200W,[EA-HYB-AMP-2D-1200] Episode Hybrid 70V 8-ohm DSP Amplifier - 1200W,Episode,Audio,1615.53
EA-MINI-2D-35,Episode Digital Mini-Amplifier 2 Channels 35W,[EA-MINI-2D-35] Episode Digital Mini-Amplifier 2 Channels 35W,Episode,Audio,285.7
EA-MINI-3D-35,Episode Digital Mini Amplifier | 35W x 3 Channels,[EA-MINI-3D-35] Episode Digital Mini Amplifier | 35W x 3 Channels,Episode,Audio,392.0
EA-MINI-5.1D-200,Episode Mini AV Receiver 5.1 Channel,[EA-MINI-5.1D-200] Episode Mini AV Receiver 5.1 Channel,Episode,Audio,519.06
EA-MoIP-AMP-12D-100,"Episode 100W, 12 Channel Matrix Switching Amp DSP Config W/ MoIP Streaming Capability","[EA-MoIP-AMP-12D-100] Episode 100W, 12 Channel Matrix Switching Amp DSP Config W/ MoIP Streaming Capability",Episode,Audio,2159.35
EA-MoIP-AMP-3D-50,"Episode 50W, 3 Channel POE Matrix Switching Amp DSP Config W/ MoIP Streaming Capability","[EA-MoIP-AMP-3D-50] Episode 50W, 3 Channel POE Matrix Switching Amp DSP Config W/ MoIP Streaming Capability",Episode,Audio,664.36
EA-MoIP-AMP-6D-50,"Episode 50W, 6 Channel POE Matrix Switching Amp DSP Config W/ MoIP Streaming Capability","[EA-MoIP-AMP-6D-50] Episode 50W, 6 Channel POE Matrix Switching Amp DSP Config W/ MoIP Streaming Capability",Episode,Audio,996.58
EA-MR-AW-RVC-100,Episode All-Weather Volume Control - 100 Watt,[EA-MR-AW-RVC-100] Episode All-Weather Volume Control - 100 Watt,Episode,Audio,89.7
EA-MR-COMM-RVC-100,Episode Commercial 70V In-Wall Volume Control - 100 Watt,[EA-MR-COMM-RVC-100] Episode Commercial 70V In-Wall Volume Control - 100 Watt,Episode,Audio,61.45
EA-MR-COMM-RVC-25,Episode Commercial 70V In-Wall Volume Control - 25 Watt,[EA-MR-COMM-RVC-25] Episode Commercial 70V In-Wall Volume Control - 25 Watt,Episode,Audio,38.37
EA-MR-COMM-RVC-50,Episode Commercial 70V In-Wall Volume Control - 50 Watt,[EA-MR-COMM-RVC-50] Episode Commercial 70V In-Wall Volume Control - 50 Watt,Episode,Audio,48.58
EA-MR-HUB-1X8,Episode Volume Control Distribution Hub,[EA-MR-HUB-1X8] Episode Volume Control Distribution Hub,Episode,Audio,59.78
EA-MR-SSVC-6,Episode Speaker Selector - 6 Pairs,[EA-MR-SSVC-6] Episode Speaker Selector - 6 Pairs,Episode,Audio,425.22
EA-RSP-12D-100,Episode Response Series DSP Amplifier 100W x 12 Channels,[EA-RSP-12D-100] Episode Response Series DSP Amplifier 100W x 12 Channels,Episode,Audio,2303.94
EA-RSP-16D-100,Episode Response Series DSP Amplifier 100W x 16 Channels,[EA-RSP-16D-100] Episode Response Series DSP Amplifier 100W x 16 Channels,Episode,Audio,2671.03
EA-RSP-2D-200,Episode Response Series DSP Amplifier | 200W x 2 Channels,[EA-RSP-2D-200] Episode Response Series DSP Amplifier | 200W x 2 Channels,Episode,Audio,970.07
EA-RSP-8D-100,Episode Response Series DSP Amplifier 100W x 8 Channels,[EA-RSP-8D-100] Episode Response Series DSP Amplifier 100W x 8 Channels,Episode,Audio,1940.15
EA-STREAM-PRE-4,Episode Ryff-Enabled 4-Zone Streaming Preamplifier,[EA-STREAM-PRE-4] Episode Ryff-Enabled 4-Zone Streaming Preamplifier,Episode,Audio,698.6
EA-WAKE-2D,Episode WAKE Amp - In-Wall Bluetooth Amplifier,[EA-WAKE-2D] Episode WAKE Amp - In-Wall Bluetooth Amplifier,Episode,Audio,156.97
ECA-70MIXAMP-1-120D,Episode 70V Class D Mixer-Amplifier with Bluetooth | 120W x 1 Channel,[ECA-70MIXAMP-1-120D] Episode 70V Class D Mixer-Amplifier with Bluetooth | 120W x 1 Channel,Episode,Audio,828.88
ECA-70MIXAMP-1-240D,Episode 70V Class D Mixer-Amplifier with Bluetooth | 240W x 1 Channel,[ECA-70MIXAMP-1-240D] Episode 70V Class D Mixer-Amplifier with Bluetooth | 240W x 1 Channel,Episode,Audio,1244.17
ECA-70MIXAMP-1-60D,Episode 70V Class D Mixer-Amplifier | 60W x 1 Channel,[ECA-70MIXAMP-1-60D] Episode 70V Class D Mixer-Amplifier | 60W x 1 Channel,Episode,Audio,662.77
ECA-70VMINI-60W,Episode 70V Digital Amplifier | 60W x 1 Channel,[ECA-70VMINI-60W] Episode 70V Digital Amplifier | 60W x 1 Channel,Episode,Audio,586.35
ECS-250-IC-6,"Episode 250 Commercial Series 25/70-Volt Two-Way In-Ceiling Speaker with 6-1/2"" Woofer","[ECS-250-IC-6] Episode 250 Commercial Series 25/70-Volt Two-Way In-Ceiling Speaker with 6-1/2"" Woofer",Episode,Audio,75.79
ECS-500-AW70V-6-BLK,"Episode All-Weather Commercial Series Surface Mount 70-Volt Speaker (Each) - 6"" (Black)","[ECS-500-AW70V-6-BLK] Episode All-Weather Commercial Series Surface Mount 70-Volt Speaker (Each) - 6"" (Black)",Episode,Audio,307.28
ECS-800-IC-4,"Episode 800 Commercial Series 70-Volt In-Ceiling Speaker with Tile Bridge 4"" Woofer","[ECS-800-IC-4] Episode 800 Commercial Series 70-Volt In-Ceiling Speaker with Tile Bridge 4"" Woofer",Episode,Audio,281.22
ECS-800-IC-6,"Episode 800 Commercial Series 70-Volt In-Ceiling Speaker with Tile Bridge 6"" Woofer","[ECS-800-IC-6] Episode 800 Commercial Series 70-Volt In-Ceiling Speaker with Tile Bridge 6"" Woofer",Episode,Audio,313.68
ECS-800-PND6,Episode 800 Commercial Series 70-Volt Pendant Speaker with 6 Woofer and Gripple Kit (Each),[ECS-800-PND6] Episode 800 Commercial Series 70-Volt Pendant Speaker with 6 Woofer and Gripple Kit (Each),Episode,Audio,468.42
EE-IR-RCVR-SM,Episode Electronics Surface Mount Plasma/LED-Proof IR Receiver with LED Feedback,[EE-IR-RCVR-SM] Episode Electronics Surface Mount Plasma/LED-Proof IR Receiver with LED Feedback,Episode,Audio,175.99
EE-PS-12VDC-1A,Episode Amp Power Supply,[EE-PS-12VDC-1A] Episode Amp Power Supply,Episode,Audio,40.57
ES-350-OWLCR-L,"Episode 350 Series On-Wall LCR Speaker with 3"" Woofers (Each)","[ES-350-OWLCR-L] Episode 350 Series On-Wall LCR Speaker with 3"" Woofers (Each)",Episode,Audio,472.52
ES-350-OWLCR-M,"Episode 350 Series Medium On-Wall LCR Speaker with 3"" Woofers","[ES-350-OWLCR-M] Episode 350 Series Medium On-Wall LCR Speaker with 3"" Woofers",Episode,Audio,318.97
ES-350-SNDBAR-30-BLK,Episode 350 Series 3-Channel Passive Soundbar (Each),[ES-350-SNDBAR-30-BLK] Episode 350 Series 3-Channel Passive Soundbar (Each),Episode,Audio,785.78
ES-350-SNDBAR-40-BLK,Episode 350 Series 3-Channel Passive Soundbar,[ES-350-SNDBAR-40-BLK] Episode 350 Series 3-Channel Passive Soundbar,Episode,Audio,945.49
ES-350-SNDBAR-50-BLK,"Episode 350 Series 3-Channel Passive Soundbar for TVs 55"" + (Each)","[ES-350-SNDBAR-50-BLK] Episode 350 Series 3-Channel Passive Soundbar for TVs 55"" + (Each)",Episode,Audio,1100.66
ES-350-SNDBAR-60-BLK,"Episode 350 Series 3-Channel Passive Soundbar (Each) for TVs 65""+","[ES-350-SNDBAR-60-BLK] Episode 350 Series 3-Channel Passive Soundbar (Each) for TVs 65""+",Episode,Audio,1259.94
ES-500-AW-4,"Episode All-Weather Series Surface Mount Speakers (Pair) 4""","[ES-500-AW-4] Episode All-Weather Series Surface Mount Speakers (Pair) 4""",Episode,Audio,233.93
ES-500-AW-6,"Episode All-Weather Series Surface Mount Speakers (Pair) - 6""","[ES-500-AW-6] Episode All-Weather Series Surface Mount Speakers (Pair) - 6""",Episode,Audio,314.71
ES-500-AW-8,"Episode All-Weather Series Surface Mount Speakers (Pair) 8""","[ES-500-AW-8] Episode All-Weather Series Surface Mount Speakers (Pair) 8""",Episode,Audio,399.33
ES-500-AW-DVC-6,Episode All-Weather Series Surface Mount DVC Speaker (Each),[ES-500-AW-DVC-6] Episode All-Weather Series Surface Mount DVC Speaker (Each),Episode,Audio,233.93
ES-550-SNDBAR-40-BLK,"Episode 550 Series 3-Channel Passive Soundbar for TVs from 46"" - 52"" (Each)","[ES-550-SNDBAR-40-BLK] Episode 550 Series 3-Channel Passive Soundbar for TVs from 46"" - 52"" (Each)",Episode,Audio,736.1
ES-550-SNDBAR-50-BLK,"Episode 550 Series 3-Channel Passive Soundbar for TVs 55""+ (Each)","[ES-550-SNDBAR-50-BLK] Episode 550 Series 3-Channel Passive Soundbar for TVs 55""+ (Each)",Episode,Audio,842.88
ES-550-SNDBAR-60-BLK,Episode 550 Series 3-Channel Passive Soundbar (Each),[ES-550-SNDBAR-60-BLK] Episode 550 Series 3-Channel Passive Soundbar (Each),Episode,Audio,1422.48
ES-550T-SNDBR-50-BLK,Episode 550 Series Thin Design 3-Channel Passive Soundbar (Each),[ES-550T-SNDBR-50-BLK] Episode 550 Series Thin Design 3-Channel Passive Soundbar (Each),Episode,Audio,1574.58
ES-AW-360-6-BRN,Episode Landscape Series 360 Speaker (Each),[ES-AW-360-6-BRN] Episode Landscape Series 360 Speaker (Each),Episode,Audio,404.51
ES-BRKT-HTR-IWLCR-L,Episode Pre-Construction Brackets for Home Theater Reference Series IWLCR-L-6 (Each),[ES-BRKT-HTR-IWLCR-L] Episode Pre-Construction Brackets for Home Theater Reference Series IWLCR-L-6 (Each),Episode,Audio,61.22
ES-BRKT-HTR-IWLCR-M,Episode Pre-Construction Brackets for Home Theater Reference Series IWLCR-M-6 (Each,[ES-BRKT-HTR-IWLCR-M] Episode Pre-Construction Brackets for Home Theater Reference Series IWLCR-M-6 (Each,Episode,Audio,92.41
ES-BRKT-HTR-SQR,Episode Pre-Construction Brackets for Home Theater Reference Series ICLCR and IWSURR (Each),[ES-BRKT-HTR-SQR] Episode Pre-Construction Brackets for Home Theater Reference Series ICLCR and IWSURR (Each),Episode,Audio,92.41
ES-CORE-16-IC,"Episode CORE 1 Series In-Ceiling Speaker (Pair) 6""","[ES-CORE-16-IC] Episode CORE 1 Series In-Ceiling Speaker (Pair) 6""",Episode,Audio,141.96
ES-CORE-16-IW,"Episode CORE 1 Series In-Wall Speaker (Pair) - 6""","[ES-CORE-16-IW] Episode CORE 1 Series In-Wall Speaker (Pair) - 6""",Episode,Audio,222.35
ES-CORE-18-IC,"Episode CORE 1 Series In-Ceiling Speaker 8"" (Pair)","[ES-CORE-18-IC] Episode CORE 1 Series In-Ceiling Speaker 8"" (Pair)",Episode,Audio,222.35
ES-CORE-36-AWIC,"Episode CORE 3 Series All Weather In-Ceiling Speaker (Pair) 6""","[ES-CORE-36-AWIC] Episode CORE 3 Series All Weather In-Ceiling Speaker (Pair) 6""",Episode,Audio,291.09
ES-CORE-36-AWIC-DVCS,"Episode CORE 3 Series All Weather In-Ceiling DVC Surround Speaker (Each) - 6""","[ES-CORE-36-AWIC-DVCS] Episode CORE 3 Series All Weather In-Ceiling DVC Surround Speaker (Each) - 6""",Episode,Audio,222.35
ES-CORE-36-IC,"Episode CORE 3 Series In-Ceiling Speaker 6"" (Pair)","[ES-CORE-36-IC] Episode CORE 3 Series In-Ceiling Speaker 6"" (Pair)",Episode,Audio,250.25
ES-CORE-36-IC-DVCS,"Episode CORE 3 Series In-Ceiling DVC Surround Speaker (Each) - 6""","[ES-CORE-36-IC-DVCS] Episode CORE 3 Series In-Ceiling DVC Surround Speaker (Each) - 6""",Episode,Audio,181.8
ES-CORE-36-IC-POINT,"Episode CORE 3 Series In-Ceiling Point Speaker (Each) - 6""","[ES-CORE-36-IC-POINT] Episode CORE 3 Series In-Ceiling Point Speaker (Each) - 6""",Episode,Audio,194.74
ES-CORE-36-IW,"Episode CORE 3 Series In-Wall Speaker (Pair) - 6""","[ES-CORE-36-IW] Episode CORE 3 Series In-Wall Speaker (Pair) - 6""",Episode,Audio,312.21
ES-CORE-36-IW-LCR,"Episode CORE 3 Series In-Wall LCR Speaker (Each) - 6""","[ES-CORE-36-IW-LCR] Episode CORE 3 Series In-Wall LCR Speaker (Each) - 6""",Episode,Audio,222.35
ES-CORE-38-AWIC,"Episode CORE 3 Series All Weather In-Ceiling Speaker Pair 8"" (NEGRO)","[ES-CORE-38-AWIC] Episode CORE 3 Series All Weather In-Ceiling Speaker Pair 8"" (NEGRO)",Episode,Audio,372.16
ES-CORE-38-AWIC-DVCS,"Episode CORE 3 Series All Weather In-Ceiling DVC Surround Speaker (Each) - 8""","[ES-CORE-38-AWIC-DVCS] Episode CORE 3 Series All Weather In-Ceiling DVC Surround Speaker (Each) - 8""",Episode,Audio,291.09
ES-CORE-38-IC,"Episode CORE 3 Series In-Ceiling Speaker 8"" (Pair)","[ES-CORE-38-IC] Episode CORE 3 Series In-Ceiling Speaker 8"" (Pair)",Episode,Audio,318.71
ES-CORE-38-IC-DVCS,"Episode CORE 3 Series In-Ceiling DVC Surround Speaker (Each) - 8""","[ES-CORE-38-IC-DVCS] Episode CORE 3 Series In-Ceiling DVC Surround Speaker (Each) - 8""",Episode,Audio,250.25
ES-CORE-56-AWIC,"Episode CORE 5 Series All Weather In-Ceiling Speaker (Pair) - 6""","[ES-CORE-56-AWIC] Episode CORE 5 Series All Weather In-Ceiling Speaker (Pair) - 6""",Episode,Audio,442.66
ES-CORE-56-AWIC-DVCS,Episode CORE 5 Series All Weather In-Ceiling DVC / Surround Speaker,[ES-CORE-56-AWIC-DVCS] Episode CORE 5 Series All Weather In-Ceiling DVC / Surround Speaker,Episode,Audio,374.21
ES-CORE-56-IC,"Episode CORE 5 Series In-Ceiling Speaker 6"" (Pair)","[ES-CORE-56-IC] Episode CORE 5 Series In-Ceiling Speaker 6"" (Pair)",Episode,Audio,346.6
ES-CORE-56-IC-DVCS,"Episode CORE 5 Series In-Ceiling DVC / Surround Speaker (Each) - 6""","[ES-CORE-56-IC-DVCS] Episode CORE 5 Series In-Ceiling DVC / Surround Speaker (Each) - 6""",Episode,Audio,277.86
ES-CORE-56-IC-POINT,"Episode CORE 5 Series In-Ceiling Point Speaker (Each) - 6""","[ES-CORE-56-IC-POINT] Episode CORE 5 Series In-Ceiling Point Speaker (Each) - 6""",Episode,Audio,291.09
ES-CORE-56-IW,"Episode CORE 5 Series In-Wall Speakers (Pair) 6""","[ES-CORE-56-IW] Episode CORE 5 Series In-Wall Speakers (Pair) 6""",Episode,Audio,414.39
ES-CORE-56-IW-LCR,"Episode CORE 5 Series In-Wall LCR Speaker (Each) - 6""","[ES-CORE-56-IW-LCR] Episode CORE 5 Series In-Wall LCR Speaker (Each) - 6""",Episode,Audio,318.71
ES-CORE-58-IC,"Episode CORE 5 Series In-Ceiling Speaker 8"" (Pair)","[ES-CORE-58-IC] Episode CORE 5 Series In-Ceiling Speaker 8"" (Pair)",Episode,Audio,415.06
ES-CORE-58-IC-DVCS,"Episode CORE 5 Series In-Ceiling DVC / Surround Speaker (Each) - 8""","[ES-CORE-58-IC-DVCS] Episode CORE 5 Series In-Ceiling DVC / Surround Speaker (Each) - 8""",Episode,Audio,319.22
ES-ESS-AWGLRD-IC-6-B,Episode Signature All-Weather Round Replacement Grille Black (Each),[ES-ESS-AWGLRD-IC-6-B] Episode Signature All-Weather Round Replacement Grille Black (Each),Episode,Audio,25.51
ES-ESS-BRKT-IC-6,"Episode In-Ceiling Speaker Brackets (Pair) - 6""","[ES-ESS-BRKT-IC-6] Episode In-Ceiling Speaker Brackets (Pair) - 6""",Episode,Audio,24.84
ES-ESS-BRKT-IC-8,"Episode In-Ceiling Speaker Brackets (Pair) - 8""","[ES-ESS-BRKT-IC-8] Episode In-Ceiling Speaker Brackets (Pair) - 8""",Episode,Audio,24.84
ES-ESS-BRKT-IW-6,"Episode In-Wall Speaker Brackets (Pair) 6""","[ES-ESS-BRKT-IW-6] Episode In-Wall Speaker Brackets (Pair) 6""",Episode,Audio,24.84
ES-ESS-BRKT-IW-8,"Episode In-Wall Speaker Brackets (Pair) 8""","[ES-ESS-BRKT-IW-8] Episode In-Wall Speaker Brackets (Pair) 8""",Episode,Audio,23.34
ES-ESS-BRKT-IWLCR-6,"Episode In-Wall LCR Speaker Brackets (Pair) 6""","[ES-ESS-BRKT-IWLCR-6] Episode In-Wall LCR Speaker Brackets (Pair) 6""",Episode,Audio,23.34
ES-ESS-GLREC-IW-6-B,"Episode Rectangle In-Wall Replacement Grille (Each) 6"" - Black","[ES-ESS-GLREC-IW-6-B] Episode Rectangle In-Wall Replacement Grille (Each) 6"" - Black",Episode,Audio,20.52
ES-ESS-GLREC-IW-8-B,"Episode Rectangle In-Wall Replacement Grille 8"" - Black","[ES-ESS-GLREC-IW-8-B] Episode Rectangle In-Wall Replacement Grille 8"" - Black",Episode,Audio,25.51
ES-ESS-GLREC-LCR-6-B,"Episode Rectangle In-Wall LCR Replacement Grille (Each) 6"" - Black","[ES-ESS-GLREC-LCR-6-B] Episode Rectangle In-Wall LCR Replacement Grille (Each) 6"" - Black",Episode,Audio,20.93
ES-ESS-GLRND-IC-6-B,"Episode Round In-Ceiling Replacement Grille Black (Each) - 6""","[ES-ESS-GLRND-IC-6-B] Episode Round In-Ceiling Replacement Grille Black (Each) - 6""",Episode,Audio,19.94
ES-ESS-GLRND-IC-8-B,"Episode Round Replacement Grille (Each) 8"" Black","[ES-ESS-GLRND-IC-8-B] Episode Round Replacement Grille (Each) 8"" Black",Episode,Audio,20.34
ES-ESS-GRLXREC-LCR-6,"Episode Bezel-less Rectangle In-Wall Replacement Grille 6"" White (Each)","[ES-ESS-GRLXREC-LCR-6] Episode Bezel-less Rectangle In-Wall Replacement Grille 6"" White (Each)",Episode,Audio,20.93
ES-ESS-GRLXRND-IC-6,"Episode Bezel-less Round Replacement Grille (Each) White - 6""","[ES-ESS-GRLXRND-IC-6] Episode Bezel-less Round Replacement Grille (Each) White - 6""",Episode,Audio,20.93
ES-ESS-GRLXRND-IC-8,"Episode Bezel-less Round In-Ceiling Replacement Grille - 8"" (White - Each)","[ES-ESS-GRLXRND-IC-8] Episode Bezel-less Round In-Ceiling Replacement Grille - 8"" (White - Each)",Episode,Audio,20.93
ES-ESS-GRLXSQ-IC-6,"Episode Bezel-less Square Grille Kit (Each) White - 6""","[ES-ESS-GRLXSQ-IC-6] Episode Bezel-less Square Grille Kit (Each) White - 6""",Episode,Audio,20.52
ES-GRL-XTR-6,"Episode Extreme Environment In-Ceiling Speaker Grille (Each) - 6""","[ES-GRL-XTR-6] Episode Extreme Environment In-Ceiling Speaker Grille (Each) - 6""",Episode,Audio,44.09
ES-GRL-XTR-6-BK,"Episode Extreme Environment In-Ceiling Speaker Grille Black (Each) - 6""","[ES-GRL-XTR-6-BK] Episode Extreme Environment In-Ceiling Speaker Grille Black (Each) - 6""",Episode,Audio,44.09
ES-GRL-XTR-8,"Episode Extreme Environment In-Ceiling Speaker Grille (Each) - 8""","[ES-GRL-XTR-8] Episode Extreme Environment In-Ceiling Speaker Grille (Each) - 8""",Episode,Audio,44.09
ES-GRL-XTR-8-BK,"Episode Extreme Environment In-Ceiling Speaker Grille Black (Each) - 8""","[ES-GRL-XTR-8-BK] Episode Extreme Environment In-Ceiling Speaker Grille Black (Each) - 8""",Episode,Audio,44.09
ES-GRLXRND-IM4-IC,"Episode Impression Bezel-Less Round Grille (Each) 5"" - White","[ES-GRLXRND-IM4-IC] Episode Impression Bezel-Less Round Grille (Each) 5"" - White",Episode,Audio,21.84
ES-GRLXRND-IM4-IC-B,"Episode Impression Bezel-Less Round Grille (Each) 5"" - Black","[ES-GRLXRND-IM4-IC-B] Episode Impression Bezel-Less Round Grille (Each) 5"" - Black",Episode,Audio,21.84
ES-GRLXSQ-IM4-IC,"Episode Impression Bezel-Less Square Grille (Each) 5"" - White","[ES-GRLXSQ-IM4-IC] Episode Impression Bezel-Less Square Grille (Each) 5"" - White",Episode,Audio,21.84
ES-GRLXSQ-IM4-IC-B,"Episode Impression Bezel-Less Square Grille (Each) 5"" - Black","[ES-GRLXSQ-IM4-IC-B] Episode Impression Bezel-Less Square Grille (Each) 5"" - Black",Episode,Audio,21.84
ES-HT-IRMON-6,"Episode Home Theater Series 6"" In-Room Monitor Speaker (Each)","[ES-HT-IRMON-6] Episode Home Theater Series 6"" In-Room Monitor Speaker (Each)",Episode,Audio,575.52
ES-HT-IRSAT-4,Episode Home Theater Series 4” In-Room Satellite Speaker (Each),[ES-HT-IRSAT-4] Episode Home Theater Series 4” In-Room Satellite Speaker (Each),Episode,Audio,417.15
ES-HT-OWLCR-4-BLK,"Episode Home Theater Series 4"" On-Wall LCR Speaker (Black - Each)","[ES-HT-OWLCR-4-BLK] Episode Home Theater Series 4"" On-Wall LCR Speaker (Black - Each)",Episode,Audio,575.52
ES-HT-OWLCR-4-WAL,Episode Home Theater Series 4” On-Wall LCR Speaker Walnut - Each,[ES-HT-OWLCR-4-WAL] Episode Home Theater Series 4” On-Wall LCR Speaker Walnut - Each,Episode,Audio,382.98
ES-HT-OWLCR-4-WHT,"Episode Home Theater Series 4"" On-Wall LCR Speaker (White - Each)","[ES-HT-OWLCR-4-WHT] Episode Home Theater Series 4"" On-Wall LCR Speaker (White - Each)",Episode,Audio,575.52
ES-HT700-ICLCR-5,Episode 700 Series Home Theater In-Ceiling LCR Speaker (Each),[ES-HT700-ICLCR-5] Episode 700 Series Home Theater In-Ceiling LCR Speaker (Each),Episode,Audio,441.08
ES-HT700-IWLCR-6,Episode 700 Series Home Theater In-Wall LCR Speaker (Each),[ES-HT700-IWLCR-6] Episode 700 Series Home Theater In-Wall LCR Speaker (Each),Episode,Audio,661.28
ES-HT950-IW-7,"Episode 900 Series In-Wall Home Theater Speaker with Dual 7"" Woofers (Each)","[ES-HT950-IW-7] Episode 900 Series In-Wall Home Theater Speaker with Dual 7"" Woofers (Each)",Episode,Audio,1297.1
ES-HT950-IWSURR-6,"Episode 900 Series In-Wall Home Theater Surround Speaker with 6-1/2"" Woofer (Each)","[ES-HT950-IWSURR-6] Episode 900 Series In-Wall Home Theater Surround Speaker with 6-1/2"" Woofer (Each)",Episode,Audio,1113.4
ES-HTR-ICLCR-4,"Episode Home Theater Reference In-Ceiling LCR Speaker - 4"" (Each)","[ES-HTR-ICLCR-4] Episode Home Theater Reference In-Ceiling LCR Speaker - 4"" (Each)",Episode,Audio,1857.83
ES-HTR-IRLCR-6,Episode Home Theater Reference Series 6 In-Room LCR Speaker Each,[ES-HTR-IRLCR-6] Episode Home Theater Reference Series 6 In-Room LCR Speaker Each,Episode,Audio,1224.78
ES-HTR-IWLCR-L-6,"Episode Home Theater Reference Large In-Wall LCR Speaker - 6"" (Each)","[ES-HTR-IWLCR-L-6] Episode Home Theater Reference Large In-Wall LCR Speaker - 6"" (Each)",Episode,Audio,1884.12
ES-HTR-IWLCR-M-6,"Episode Home Theater Reference Medium In-Wall LCR Speaker - 6"" (Each)","[ES-HTR-IWLCR-M-6] Episode Home Theater Reference Medium In-Wall LCR Speaker - 6"" (Each)",Episode,Audio,1224.78
ES-HTR-IWSURR-6,"Episode Home Theater Reference In-Wall Surround Speaker - 6"" (Each)","[ES-HTR-IWSURR-6] Episode Home Theater Reference In-Wall Surround Speaker - 6"" (Each)",Episode,Audio,1224.78
ES-IM4-BRKT-IC,Episode Impression In-Ceiling Bracket (Each),[ES-IM4-BRKT-IC] Episode Impression In-Ceiling Bracket (Each),Episode,Audio,41.08
ES-IM4IC,"Episode Impression In-Ceiling Speaker (Each) - 4""","[ES-IM4IC] Episode Impression In-Ceiling Speaker (Each) - 4""",Episode,Audio,278.82
ES-IM6-BP-SUB,"Episode Impression Bandpass Subwoofer (Each) - 6.5""","[ES-IM6-BP-SUB] Episode Impression Bandpass Subwoofer (Each) - 6.5""",Episode,Audio,854.31
ES-LS-BSUB-12-CPR,"Episode LanGenericoape Series Burial Subwoofer with 12"" Woofer (Each)","[ES-LS-BSUB-12-CPR] Episode LanGenericoape Series Burial Subwoofer with 12"" Woofer (Each)",Episode,Audio,1631.49
ES-LS-BSUB-8-CPR,Episode Landscape Series Burial Subwoofer (Each),[ES-LS-BSUB-8-CPR] Episode Landscape Series Burial Subwoofer (Each),Episode,Audio,972.38
ES-LS-MOUNT-SURFACE,Surface Mount Base for Landscape Series Satellite Speakers (Each),[ES-LS-MOUNT-SURFACE] Surface Mount Base for Landscape Series Satellite Speakers (Each),Episode,Audio,45.02
ES-LS-SAT-8-BRN,Episode Landscape Series Satellite Speaker with 8 Woofer (Each) - (Dark Brown),[ES-LS-SAT-8-BRN] Episode Landscape Series Satellite Speaker with 8 Woofer (Each) - (Dark Brown),Episode,Audio,402.82
ES-LS-STAKE-12,"Episode 12"" Stake Mount for LanGenericoape Series Satellite Speakers (Each)","[ES-LS-STAKE-12] Episode 12"" Stake Mount for LanGenericoape Series Satellite Speakers (Each)",Episode,Audio,9.89
ES-PWR-SNDBR-180-BLK,"Episode 2.1 Active Soundbar System with 8"" Wireless Subwoofer","[ES-PWR-SNDBR-180-BLK] Episode 2.1 Active Soundbar System with 8"" Wireless Subwoofer",Episode,Audio,738.57
ES-RAD-LT3,Episode Radiance Outdoor Bollard Light,[ES-RAD-LT3] Episode Radiance Outdoor Bollard Light,Episode,Audio,172.0
ES-RAD-MB1-300,Episode Radiance MB-1 Outdoor Audio and Lighting Processor,[ES-RAD-MB1-300] Episode Radiance MB-1 Outdoor Audio and Lighting Processor,Episode,Audio,856.96
ES-ROCK-6,Episode Rock Series Single Voice Coil Speaker 6' with Woofer (Each),[ES-ROCK-6] Episode Rock Series Single Voice Coil Speaker 6' with Woofer (Each),Episode,Audio,210.9
ES-ROCK-8,Episode Rock Series Single Voice Coil Speaker 8' with Woofer (Each),[ES-ROCK-8] Episode Rock Series Single Voice Coil Speaker 8' with Woofer (Each),Episode,Audio,250.33
ES-SS-STAKE,Episode Surroundscape Stake Mount (Each),[ES-SS-STAKE] Episode Surroundscape Stake Mount (Each),Episode,Audio,15.59
ES-SS-SUB10,"Episode Surroundscape 10"" Burial Subwoofer (Each)","[ES-SS-SUB10] Episode Surroundscape 10"" Burial Subwoofer (Each)",Episode,Audio,1291.18
ES-SS-SUB8,"Episode Surroundscape Series Burial Subwoofer 8""","[ES-SS-SUB8] Episode Surroundscape Series Burial Subwoofer 8""",Episode,Audio,921.81
ES-SS-SURFACE,Episode Surroundscape Surface Mount (Each),[ES-SS-SURFACE] Episode Surroundscape Surface Mount (Each),Episode,Audio,27.44
ES-SS4,"Episode Surroundscape Series Satellite Speaker 4"" (Each)","[ES-SS4] Episode Surroundscape Series Satellite Speaker 4"" (Each)",Episode,Audio,323.38
ES-SS6,"Episode Surroundscape Series Satellite Speaker 6"" (Each)","[ES-SS6] Episode Surroundscape Series Satellite Speaker 6"" (Each)",Episode,Audio,508.17
ES-SS8,Episode Surroundscape Series Satellite Speaker (Each),[ES-SS8] Episode Surroundscape Series Satellite Speaker (Each),Episode,Audio,692.73
ES-SUB-ELE10-450-BLK,"Episode Element Series Ported Subwoofer 10""","[ES-SUB-ELE10-450-BLK] Episode Element Series Ported Subwoofer 10""",Episode,Audio,710.3
ES-SUB-ELE12-700-BLK,"Episode Element Series Ported Subwoofer 12""","[ES-SUB-ELE12-700-BLK] Episode Element Series Ported Subwoofer 12""",Episode,Audio,888.09
ES-SUB-ELE8-250-BLK,Episode Element Series Ported Subwoofer,[ES-SUB-ELE8-250-BLK] Episode Element Series Ported Subwoofer,Episode,Audio,545.02
ES-SUB-EVO10-450,Episode Evolution Series 10 Sealed Subwoofer (Gloss),[ES-SUB-EVO10-450] Episode Evolution Series 10 Sealed Subwoofer (Gloss),Episode,Audio,950.97
ES-SUB-EVO12-700,"Episode Evolution Series Sealed Subwoofer 12""","[ES-SUB-EVO12-700] Episode Evolution Series Sealed Subwoofer 12""",Episode,Audio,1116.46
ES-SUB-EVO8-250-BLK,Episode Evolution Series 8 Sealed Subwoofer (Gloss Black),[ES-SUB-EVO8-250-BLK] Episode Evolution Series 8 Sealed Subwoofer (Gloss Black),Episode,Audio,644.14
ES-SUB-EVO8-250-WHT,Episode Evolution Series 8 Sealed Subwoofer (Gloss White),[ES-SUB-EVO8-250-WHT] Episode Evolution Series 8 Sealed Subwoofer (Gloss White),Episode,Audio,685.91
ES-SUB-IW-DUAL8,"Episode Passive In-Wall Subwoofer with Dual 8"" Woofers (Each)","[ES-SUB-IW-DUAL8] Episode Passive In-Wall Subwoofer with Dual 8"" Woofers (Each)",Episode,Audio,624.96
ES-SUB-IW-SNGL8,"Episode Passive In-Wall Subwoofer with Single 8"" Woofer","[ES-SUB-IW-SNGL8] Episode Passive In-Wall Subwoofer with Single 8"" Woofer",Episode,Audio,316.55
ES-SUB-MEGA-S10-BLK,"Episode MEGA S-Series 10"" Sealed Subwoofer with Amplifier","[ES-SUB-MEGA-S10-BLK] Episode MEGA S-Series 10"" Sealed Subwoofer with Amplifier",Episode,Audio,1083.79
ES-SUB-MEGA-S12-BLK,"Episode MEGA S-Series 12"" Sealed Subwoofer with Amplifier","[ES-SUB-MEGA-S12-BLK] Episode MEGA S-Series 12"" Sealed Subwoofer with Amplifier",Episode,Audio,1502.14
ES-SUB-MEGA-S15-BLK,"Episode MEGA S-Series 15"" Sealed Subwoofer with Amplifier","[ES-SUB-MEGA-S15-BLK] Episode MEGA S-Series 15"" Sealed Subwoofer with Amplifier",Episode,Audio,1393.88
ES-SUB-MEGA-S8-BLK,"Episode MEGA S Series 8"" Sealed Subwoofer with 120W Amplifier (Matte Black)","[ES-SUB-MEGA-S8-BLK] Episode MEGA S Series 8"" Sealed Subwoofer with 120W Amplifier (Matte Black)",Episode,Audio,738.78
ES-SUB-TRP10-500-BLK,"Episode Triple Series 10"" Passive Radiator Subwoofer with 1200W Amplifier - Gloss Black","[ES-SUB-TRP10-500-BLK] Episode Triple Series 10"" Passive Radiator Subwoofer with 1200W Amplifier - Gloss Black",Episode,Audio,1507.96
ES-SUB-TRP8-300-BLK,"Episode Triple Series 8"" Passive Radiator Subwoofer with 720W Amplifier - Gloss Black","[ES-SUB-TRP8-300-BLK] Episode Triple Series 8"" Passive Radiator Subwoofer with 720W Amplifier - Gloss Black",Episode,Audio,1212.26
ES-SUB-WIFI-TX-MEGA,Episode Subwoofer Wireless Transmitter,[ES-SUB-WIFI-TX-MEGA] Episode Subwoofer Wireless Transmitter,Episode,Audio,140.39
ES-TERRAIN-HSUB,"Episode Terrain Series 8"" HarGenericoape Subwoofer","[ES-TERRAIN-HSUB] Episode Terrain Series 8"" HarGenericoape Subwoofer",Episode,Audio,821.7
ES-TERRAIN-HSUB-4.1,"Episode Terrain Series 4"" Satellite Speakers and 8"" Hardscape Subwoofer","[ES-TERRAIN-HSUB-4.1] Episode Terrain Series 4"" Satellite Speakers and 8"" Hardscape Subwoofer",Episode,Audio,1820.0
ES-TERRAIN-PB,Episode Terrain Series Satellite Speaker Pivot Bracket,[ES-TERRAIN-PB] Episode Terrain Series Satellite Speaker Pivot Bracket,Episode,Audio,17.78
ES-TERRAIN-SAT-2.0,"Episode Terrain Series 4"" Satellite Speakers (Pair)","[ES-TERRAIN-SAT-2.0] Episode Terrain Series 4"" Satellite Speakers (Pair)",Episode,Audio,345.57
ES-TERRAIN-SUB,"Episode Terrain Series 8"" DVC Subwoofer","[ES-TERRAIN-SUB] Episode Terrain Series 8"" DVC Subwoofer",Episode,Audio,821.7
ES-TERRAIN-SYS-4.1,"Episode Terrain Series 4"" Satellite Speakers and 8"" Subwoofer","[ES-TERRAIN-SYS-4.1] Episode Terrain Series 4"" Satellite Speakers and 8"" Subwoofer",Episode,Audio,1506.87
ES-TILEBRIDGE,Episode Tile Bridge for 200 and 600 Commercial Series In-Ceiling Speakers (Each),[ES-TILEBRIDGE] Episode Tile Bridge for 200 and 600 Commercial Series In-Ceiling Speakers (Each),Episode,Audio,33.67
ES-XTR-6-IC,"Episode Extreme Environment In-Ceiling Speaker (Each) 6""","[ES-XTR-6-IC] Episode Extreme Environment In-Ceiling Speaker (Each) 6""",Episode,Audio,279.32
ES-XTR-8-IC,"Episode Extreme Environment In-Ceiling Speaker (Each) - 8""","[ES-XTR-8-IC] Episode Extreme Environment In-Ceiling Speaker (Each) - 8""",Episode,Audio,363.12
ESA-70V2CH-150W,Episode 70V IP-Enabled Amplifier - 150 Watt,[ESA-70V2CH-150W] Episode 70V IP-Enabled Amplifier - 150 Watt,Episode,Audio,1675.0
ESA-70V2CH-300W,Episode 70V IP-Enabled Amplifier - 300 Watt,[ESA-70V2CH-300W] Episode 70V IP-Enabled Amplifier - 300 Watt,Episode,Audio,1991.38
ESA-70V2CH-500W,Episode 70V IP-Enabled Amplifier - 500 Watt,[ESA-70V2CH-500W] Episode 70V IP-Enabled Amplifier - 500 Watt,Episode,Audio,2343.82
ESS-1700T-IWLCR-6,"Episode Signature 1700 Series In-Wall LCR Speaker (Each) - 6""","[ESS-1700T-IWLCR-6] Episode Signature 1700 Series In-Wall LCR Speaker (Each) - 6""",Episode,Audio,417.89
ESS-6-BLK,Episode Speaker Selector with Amplifier Protection - 6 Pairs,[ESS-6-BLK] Episode Speaker Selector with Amplifier Protection - 6 Pairs,Episode,Audio,220.76
ESS-BRKT-IC-4,"Episode In-Ceiling Speaker Brackets (Pair) 4""","[ESS-BRKT-IC-4] Episode In-Ceiling Speaker Brackets (Pair) 4""",Episode,Audio,31.12
ESS-ENCL-IC-4,"Episode Signature In-Ceiling Enclosure (Each) 4""","[ESS-ENCL-IC-4] Episode Signature In-Ceiling Enclosure (Each) 4""",Episode,Audio,58.72
ESS-ENCL-IC-6,"Episode Signature In-Ceiling Enclosure (Each) 6""","[ESS-ENCL-IC-6] Episode Signature In-Ceiling Enclosure (Each) 6""",Episode,Audio,65.77
ESS-ENCL-IC-8,"Episode Signature In-Ceiling Enclosure (Each) 8""","[ESS-ENCL-IC-8] Episode Signature In-Ceiling Enclosure (Each) 8""",Episode,Audio,65.77
ESS-ENCL-IW-6,"Episode Signature In-Wall Enclosure (Each) 6""","[ESS-ENCL-IW-6] Episode Signature In-Wall Enclosure (Each) 6""",Episode,Audio,65.77
ESS-ENCL-IW-8,"Episode Signature In-Wall Enclosure (Each) 8""","[ESS-ENCL-IW-8] Episode Signature In-Wall Enclosure (Each) 8""",Episode,Audio,66.4
ESS-FLUSH-IC-4,"Episode Flush Mount Brackets for In-Ceiling Speakers 4""","[ESS-FLUSH-IC-4] Episode Flush Mount Brackets for In-Ceiling Speakers 4""",Episode,Audio,131.58
ESS-FLUSH-IC-6,"Episode Flush Mount Brackets for In-Ceiling Speakers 6""","[ESS-FLUSH-IC-6] Episode Flush Mount Brackets for In-Ceiling Speakers 6""",Episode,Audio,140.39
ESS-FLUSH-IC-8,"Episode Signature Flush Mount Brackets for In-Ceiling Speakers (Each) - 8""","[ESS-FLUSH-IC-8] Episode Signature Flush Mount Brackets for In-Ceiling Speakers (Each) - 8""",Episode,Audio,131.58
ESS-GRLRND-IC-4,Episode Signature Round Replacement Grille (Each) White,[ESS-GRLRND-IC-4] Episode Signature Round Replacement Grille (Each) White,Episode,Audio,27.08
ESS-GRLXRND-IC-4,"Episode Signature Bezel-less Round Replacement Grille White (Each) - 4""","[ESS-GRLXRND-IC-4] Episode Signature Bezel-less Round Replacement Grille White (Each) - 4""",Episode,Audio,24.05
ESS-SUB-ENC-IW-PCON,Episode Signature Preconstruction In-Wall Subwoofer Enclosure,[ESS-SUB-ENC-IW-PCON] Episode Signature Preconstruction In-Wall Subwoofer Enclosure,Episode,Audio,1133.79
ESS-SUB-ENC-IWIC-PCO,"Episode Signature Preconstruction In-Wall / Ceiling Subwoofer Enclosure - Single 8""","[ESS-SUB-ENC-IWIC-PCO] Episode Signature Preconstruction In-Wall / Ceiling Subwoofer Enclosure - Single 8""",Episode,Audio,316.58
ESS-SUB-ENC-RET-SGL8,"Episode Signature Retrofit In-Wall Subwoofer Enclosure - Single 8""","[ESS-SUB-ENC-RET-SGL8] Episode Signature Retrofit In-Wall Subwoofer Enclosure - Single 8""",Episode,Audio,636.25
ESS-SUB-SNGL-8,"Episode Signature Passive Free Air Subwoofer (Each) - 8"" Driver","[ESS-SUB-SNGL-8] Episode Signature Passive Free Air Subwoofer (Each) - 8"" Driver",Episode,Audio,311.91
EVC-100R-WHLA,Episode Rotary Volume Control - 100 Watt (Each),[EVC-100R-WHLA] Episode Rotary Volume Control - 100 Watt (Each),Episode,Audio,71.66
EVC-100S-WHLA,Episode Sliding Volume Control - 100 Watt (Each),[EVC-100S-WHLA] Episode Sliding Volume Control - 100 Watt (Each),Episode,Audio,71.66
IRF-1,Episode Electronics IR Flasher with LED Feedback Single,[IRF-1] Episode Electronics IR Flasher with LED Feedback Single,Episode,Audio,17.35
KIT-EA-RSP-16D-DAC,Episode 100Wx16 Response Amp and Digital to Analog Audio Converter,[KIT-EA-RSP-16D-DAC] Episode 100Wx16 Response Amp and Digital to Analog Audio Converter,Episode,Audio,3524.08
KIT-EA-RSP-8D-DAC,Episode 100Wx8 Response Amp and Binary Digital to Analog Audio Converter Kit,[KIT-EA-RSP-8D-DAC] Episode 100Wx8 Response Amp and Binary Digital to Analog Audio Converter Kit,Episode,Audio,2003.64
SIG-34-IC,"Episode 3 Series In-Ceiling Speaker (Each) 4""","[SIG-34-IC] Episode 3 Series In-Ceiling Speaker (Each) 4""",Episode,Audio,196.8
SIG-36-AW-IC,"Episode Signature 3 Series All Weather In-Ceiling Speaker (Each) - 6""","[SIG-36-AW-IC] Episode Signature 3 Series All Weather In-Ceiling Speaker (Each) - 6""",Episode,Audio,276.41
SIG-36-AW-ICDVC,"Episode 3 Series All Weather In-Ceiling Dual Voice Coil Speaker (Each) - 6""","[SIG-36-AW-ICDVC] Episode 3 Series All Weather In-Ceiling Dual Voice Coil Speaker (Each) - 6""",Episode,Audio,360.13
SIG-36-IC,"Episode 3 Series In-Ceiling Speaker (Each) - 6""","[SIG-36-IC] Episode 3 Series In-Ceiling Speaker (Each) - 6""",Episode,Audio,222.06
SIG-36-ICDVC,"Episode Signature 3 Series In-Ceiling Dual Voice Coil Speaker (Each) - 6""","[SIG-36-ICDVC] Episode Signature 3 Series In-Ceiling Dual Voice Coil Speaker (Each) - 6""",Episode,Audio,328.98
SIG-36-IW,"Episode 3 Series In-Wall Speaker (Each) - 6""","[SIG-36-IW] Episode 3 Series In-Wall Speaker (Each) - 6""",Episode,Audio,222.06
SIG-36-IWDVC,"Episode Signature 3 Series In-Wall Dual Voice Coil Speaker (Each) - 6""","[SIG-36-IWDVC] Episode Signature 3 Series In-Wall Dual Voice Coil Speaker (Each) - 6""",Episode,Audio,210.72
SIG-36-POINT,"Episode Signature 3 Series Point Speaker (Each) - 6""","[SIG-36-POINT] Episode Signature 3 Series Point Speaker (Each) - 6""",Episode,Audio,328.98
SIG-38-IC,"Episode Signature 3 Series In-Ceiling Speaker (Each) 8""","[SIG-38-IC] Episode Signature 3 Series In-Ceiling Speaker (Each) 8""",Episode,Audio,264.07
SIG-38-IW,"Episode Signature 3 Series In-Wall Speaker (Each) 8""","[SIG-38-IW] Episode Signature 3 Series In-Wall Speaker (Each) 8""",Episode,Audio,303.72
SIG-54-IC,"Episode Signature 5 Series In-Ceiling Speaker (Each) 4""","[SIG-54-IC] Episode Signature 5 Series In-Ceiling Speaker (Each) 4""",Episode,Audio,264.07
SIG-56-IC,"Episode Signature 5 Series In-Ceiling Speaker (Each) 6""","[SIG-56-IC] Episode Signature 5 Series In-Ceiling Speaker (Each) 6""",Episode,Audio,276.41
SIG-56-ICDVC,"Episode Signature 5 Series In-Ceiling Dual Voice Coil Speaker (Each) 6""","[SIG-56-ICDVC] Episode Signature 5 Series In-Ceiling Dual Voice Coil Speaker (Each) 6""",Episode,Audio,402.56
SIG-56-ICSURR,"Episode Signature 5 Series In-Ceiling Surround Speaker (Each) - 6""","[SIG-56-ICSURR] Episode Signature 5 Series In-Ceiling Surround Speaker (Each) - 6""",Episode,Audio,387.15
SIG-56-IWDVC,"Episode Signature 3 Series In-Wall Dual Voice Coil Speaker (Each) 6""","[SIG-56-IWDVC] Episode Signature 3 Series In-Wall Dual Voice Coil Speaker (Each) 6""",Episode,Audio,263.4
SIG-56-IWLCR,"Episode Signature 5 Series In-Wall LCR Speaker (Each) - 6""","[SIG-56-IWLCR] Episode Signature 5 Series In-Wall LCR Speaker (Each) - 6""",Episode,Audio,402.56
SIG-56-IWSURR,"Episode Signature 5 Series In-Wall Surround Speaker (Each) 6""","[SIG-56-IWSURR] Episode Signature 5 Series In-Wall Surround Speaker (Each) 6""",Episode,Audio,376.87
SIG-56-POINT,"Episode Signature 5 Series Point Speaker (Each) - 6""","[SIG-56-POINT] Episode Signature 5 Series Point Speaker (Each) - 6""",Episode,Audio,402.56
SIG-58-IC,"Episode Signature 5 Series In-Ceiling Speaker (Each) - 8""","[SIG-58-IC] Episode Signature 5 Series In-Ceiling Speaker (Each) - 8""",Episode,Audio,376.72
SIG-58-ICDVC,"Episode Signature 5 Series In-Ceiling Dual Voice Coil Speaker (Each) - 8""","[SIG-58-ICDVC] Episode Signature 5 Series In-Ceiling Dual Voice Coil Speaker (Each) - 8""",Episode,Audio,479.39
SIG-58-ICSURR,"Episode Signature 5 Series In-Ceiling Surround Speaker (Each) - 8""","[SIG-58-ICSURR] Episode Signature 5 Series In-Ceiling Surround Speaker (Each) - 8""",Episode,Audio,483.5
SIG-58-IW,"Episode Signature 5 Series In-Wall Speaker (Each) - 8""","[SIG-58-IW] Episode Signature 5 Series In-Wall Speaker (Each) - 8""",Episode,Audio,376.72
SIG-76-IC,Episode Signature 7 Series In-Ceiling Speaker (Each),[SIG-76-IC] Episode Signature 7 Series In-Ceiling Speaker (Each),Episode,Audio,349.56
SIG-76-ICSURR,"Episode Signature 7 Series In-Ceiling Surround Speaker (Each) - 6""","[SIG-76-ICSURR] Episode Signature 7 Series In-Ceiling Surround Speaker (Each) - 6""",Episode,Audio,483.5
SIG-76-IW,"Episode Signature 7 Series In-Wall Speaker (Each) - 6""","[SIG-76-IW] Episode Signature 7 Series In-Wall Speaker (Each) - 6""",Episode,Audio,349.56
SIG-76-IWLCR,"Episode Signature 7 Series In-Wall LCR Speaker (Each) - 6""","[SIG-76-IWLCR] Episode Signature 7 Series In-Wall LCR Speaker (Each) - 6""",Episode,Audio,428.72
SIG-76-IWSURR,"Episode Signature 7 Series In-Wall Surround Speaker (Each) - 6""","[SIG-76-IWSURR] Episode Signature 7 Series In-Wall Surround Speaker (Each) - 6""",Episode,Audio,498.2
SIG-76-POINT,"Episode Signature 7 Series Point Speaker (Each) - 6""","[SIG-76-POINT] Episode Signature 7 Series Point Speaker (Each) - 6""",Episode,Audio,498.2
SIG-78-IC,"Episode Signature 7 Series In-Ceiling Speaker (Each) - 8""","[SIG-78-IC] Episode Signature 7 Series In-Ceiling Speaker (Each) - 8""",Episode,Audio,442.08
SIG-78-ICSURR,"Episode Signature 7 Series In-Ceiling Surround Speaker (Each) - 8""","[SIG-78-ICSURR] Episode Signature 7 Series In-Ceiling Surround Speaker (Each) - 8""",Episode,Audio,579.86
SIG-78-IW,"Episode Signature 7 Series In-Wall Speaker (Each) - 8""","[SIG-78-IW] Episode Signature 7 Series In-Wall Speaker (Each) - 8""",Episode,Audio,442.08
SIG-CRADLE-AW-IC-6,"Episode Signature All Weather In-Ceiling Cradle (Each) - 6""","[SIG-CRADLE-AW-IC-6] Episode Signature All Weather In-Ceiling Cradle (Each) - 6""",Episode,Audio,100.17
SIG-CRADLE-IC-4,"Episode Signature In-Ceiling Cradle (Each) 4""","[SIG-CRADLE-IC-4] Episode Signature In-Ceiling Cradle (Each) 4""",Episode,Audio,70.61
SIG-CRADLE-IC-6,"Episode Signature In-Ceiling Cradle (Each) - 6""","[SIG-CRADLE-IC-6] Episode Signature In-Ceiling Cradle (Each) - 6""",Episode,Audio,70.61
SIG-CRADLE-IC-8,"Episode Signature In-Ceiling Cradle 8"" - (Each)","[SIG-CRADLE-IC-8] Episode Signature In-Ceiling Cradle 8"" - (Each)",Episode,Audio,70.61
SIG-CRADLE-IW-6,"Episode Signature In-Wall Cradle (Each) 6""","[SIG-CRADLE-IW-6] Episode Signature In-Wall Cradle (Each) 6""",Episode,Audio,85.82
SIG-CRADLE-IW-8,"Episode Signature In-Wall Cradle (Each) 8""","[SIG-CRADLE-IW-8] Episode Signature In-Wall Cradle (Each) 8""",Episode,Audio,85.82
SIG-CRADLE-IWLCR-6,"Episode Signature In-Wall LCR Cradle (Each) - 6""","[SIG-CRADLE-IWLCR-6] Episode Signature In-Wall LCR Cradle (Each) - 6""",Episode,Audio,100.17
LUM-121-NVR-4CH-0T,Luma Surveillance 121 Series NVR - 4 Channels 0TB,[LUM-121-NVR-4CH-0T] Luma Surveillance 121 Series NVR - 4 Channels 0TB,Luma,Cámaras de seguridad,586.53
LUM-121-NVR-4CH-2T,Luma Surveillance 121 Series NVR - 4 Channels 2TB,[LUM-121-NVR-4CH-2T] Luma Surveillance 121 Series NVR - 4 Channels 2TB,Luma,Cámaras de seguridad,748.23
LUM-121-NVR-4CH-4T,Luma Surveillance 121 Series NVR - 4 Channels 4TB,[LUM-121-NVR-4CH-4T] Luma Surveillance 121 Series NVR - 4 Channels 4TB,Luma,Cámaras de seguridad,865.83
LUM-121-NVR-8CH-0T,Luma Surveillance 121 Series NVR - 8 Channels | 0TB,[LUM-121-NVR-8CH-0T] Luma Surveillance 121 Series NVR - 8 Channels | 0TB,Luma,Cámaras de seguridad,748.23
LUM-121-NVR-8CH-2T,Luma Surveillance 121 Series NVR - 8 Channels | 2TB,[LUM-121-NVR-8CH-2T] Luma Surveillance 121 Series NVR - 8 Channels | 2TB,Luma,Cámaras de seguridad,954.03
LUM-121-NVR-8CH-4T,Luma Surveillance 121 Series NVR - 8 Channels | 4TB,[LUM-121-NVR-8CH-4T] Luma Surveillance 121 Series NVR - 8 Channels | 4TB,Luma,Cámaras de seguridad,1056.93
LUM-1220-IP-FE-W,Luma Surveillance X20 12MP IP Fisheye Camera,[LUM-1220-IP-FE-W] Luma Surveillance X20 12MP IP Fisheye Camera,Luma,Cámaras de seguridad,1027.53
LUM-220-IP-BF,Luma Surveillance 220 Series 2MP Bullet IP Outdoor Camera,[LUM-220-IP-BF] Luma Surveillance 220 Series 2MP Bullet IP Outdoor Camera,Luma,Cámaras de seguridad,214.54
LUM-220-IP-DF,Luma Surveillance 220 Series 2MP Dome IP Outdoor Camera,[LUM-220-IP-DF] Luma Surveillance 220 Series 2MP Dome IP Outdoor Camera,Luma,Cámaras de seguridad,214.54
LUM-220-IP-TF,Luma Surveillance 220 Series 2MP Turret IP Outdoor Camera,[LUM-220-IP-TF] Luma Surveillance 220 Series 2MP Turret IP Outdoor Camera,Luma,Cámaras de seguridad,214.54
LUM-220-NVR-16CH-0T,Luma Surveillance 220 Series NVR 16 Canales (Sin Disco),[LUM-220-NVR-16CH-0T] Luma Surveillance 220 Series NVR 16 Canales (Sin Disco),Luma,Cámaras de seguridad,1429.22
LUM-220-NVR-8CH-0T,Luma Surveillance 220 Series NVR 8 Channels No Hard Drive,[LUM-220-NVR-8CH-0T] Luma Surveillance 220 Series NVR 8 Channels No Hard Drive,Luma,Cámaras de seguridad,1097.14
LUM-220-NVR-8CH-4T,Luma Surveillance 220 Series NVR - 8 Channels | 4TB,[LUM-220-NVR-8CH-4T] Luma Surveillance 220 Series NVR - 8 Channels | 4TB,Luma,Cámaras de seguridad,1453.81
LUM-221-NVR-16CH-6T,Luma Surveillance 221 Series NVR - 16 Channels - 6T,[LUM-221-NVR-16CH-6T] Luma Surveillance 221 Series NVR - 16 Channels - 6T,Luma,Cámaras de seguridad,1932.7
LUM-221-NVR-16CH-8T,Luma Surveillance 221 Series NVR - 16 Channels - 8T,[LUM-221-NVR-16CH-8T] Luma Surveillance 221 Series NVR - 16 Channels - 8T,Luma,Cámaras de seguridad,2114.7
LUM-221-NVR-8CH-4T,Luma Surveillance 221 Series NVR - 8 Channels | 4TB,[LUM-221-NVR-8CH-4T] Luma Surveillance 221 Series NVR - 8 Channels | 4TB,Luma,Cámaras de seguridad,1468.53
LUM-221-NVR-8CH-6T,Luma Surveillance 221 Series NVR - 8 Channels | 6TB,[LUM-221-NVR-8CH-6T] Luma Surveillance 221 Series NVR - 8 Channels | 6TB,Luma,Cámaras de seguridad,1659.63
LUM-31-BUL-IP-WH,Luma Surveillance 31 Series Bullet IP Outdoor Camera | White,[LUM-31-BUL-IP-WH] Luma Surveillance 31 Series Bullet IP Outdoor Camera | White,Luma,Cámaras de seguridad,77.76
LUM-310-DVR-4CH-0T,Luma Surveillance 310 Series DVR 4 Canales 0TB,[LUM-310-DVR-4CH-0T] Luma Surveillance 310 Series DVR 4 Canales 0TB,Luma,Cámaras de seguridad,203.7
LUM-310-DVR-4CH-1T,Luma Surveillance 310 Series DVR 4 Canales 1TB,[LUM-310-DVR-4CH-1T] Luma Surveillance 310 Series DVR 4 Canales 1TB,Luma,Cámaras de seguridad,259.49
LUM-310-NVR-16CH-0T,Luma Surveillance 310 Series NVR - 16 Channels | No Hard Drive,[LUM-310-NVR-16CH-0T] Luma Surveillance 310 Series NVR - 16 Channels | No Hard Drive,Luma,Cámaras de seguridad,347.82
LUM-310-NVR-16CH-2T,Luma Surveillance 310 Series NVR 16 Canales 2TB,[LUM-310-NVR-16CH-2T] Luma Surveillance 310 Series NVR 16 Canales 2TB,Luma,Cámaras de seguridad,455.92
LUM-310-NVR-4CH-0T,Luma Surveillance 310 Series NVR 4 Canales 0TB,[LUM-310-NVR-4CH-0T] Luma Surveillance 310 Series NVR 4 Canales 0TB,Luma,Cámaras de seguridad,195.68
LUM-310-NVR-4CH-1T,Luma Surveillance 311 Series NVR 4 Canales 1TB,[LUM-310-NVR-4CH-1T] Luma Surveillance 311 Series NVR 4 Canales 1TB,Luma,Cámaras de seguridad,217.66
LUM-310-NVR-8CH-1T,Luma Surveillance 310 Series NVR - 8 Channels | 1TB,[LUM-310-NVR-8CH-1T] Luma Surveillance 310 Series NVR - 8 Channels | 1TB,Luma,Cámaras de seguridad,293.13
LUM-420-IP-BM,Luma Surveillance 420 Series 4MP Bullet IP Outdoor Motorized Camera,[LUM-420-IP-BM] Luma Surveillance 420 Series 4MP Bullet IP Outdoor Motorized Camera,Luma,Cámaras de seguridad,420.92
LUM-420-IP-DM,Luma Surveillance 420 Series 4MP Dome IP Outdoor Motorized Camera,[LUM-420-IP-DM] Luma Surveillance 420 Series 4MP Dome IP Outdoor Motorized Camera,Luma,Cámaras de seguridad,437.82
LUM-420-IP-PTZ-25W,"Luma Surveillance X20 4MP IP Camera 25x Magnification and 4"" Smart Tracking PTZ","[LUM-420-IP-PTZ-25W] Luma Surveillance X20 4MP IP Camera 25x Magnification and 4"" Smart Tracking PTZ",Luma,Cámaras de seguridad,1615.39
LUM-420-IP-PTZ-4,Luma 4MP x20 IP Camera 4x Mini PTZ,[LUM-420-IP-PTZ-4] Luma 4MP x20 IP Camera 4x Mini PTZ,Luma,Cámaras de seguridad,924.56
LUM-420-IP-TM,Luma Surveillance 420 Series 4MP Turret IP Outdoor Motorized Camera,[LUM-420-IP-TM] Luma Surveillance 420 Series 4MP Turret IP Outdoor Motorized Camera,Luma,Cámaras de seguridad,420.92
LUM-420-NVR-16CH-0T,Luma Surveillance 420 Series NVR - 16 Channels No Hard Drive,[LUM-420-NVR-16CH-0T] Luma Surveillance 420 Series NVR - 16 Channels No Hard Drive,Luma,Cámaras de seguridad,1762.53
LUM-420-NVR-16CH-12T,Luma Surveillance 420 Series NVR - 16 Channels | 12TB Hard Drive,[LUM-420-NVR-16CH-12T] Luma Surveillance 420 Series NVR - 16 Channels | 12TB Hard Drive,Luma,Cámaras de seguridad,2838.5
LUM-420-NVR-16CH-8T,Luma Surveillance 420 Series NVR - 16 Channels | 8TB Hard Drive,[LUM-420-NVR-16CH-8T] Luma Surveillance 420 Series NVR - 16 Channels | 8TB Hard Drive,Luma,Cámaras de seguridad,2529.8
LUM-520-IP-BF,Luma Surveillance 520 Series 5MP Bullet IP Outdoor Camera,[LUM-520-IP-BF] Luma Surveillance 520 Series 5MP Bullet IP Outdoor Camera,Luma,Cámaras de seguridad,268.77
LUM-520-IP-BFC,Luma Surveillance 520 Series 5MP 24-7 Color Bullet IP Outdoor Camera,[LUM-520-IP-BFC] Luma Surveillance 520 Series 5MP 24-7 Color Bullet IP Outdoor Camera,Luma,Cámaras de seguridad,319.49
LUM-520-IP-DF,Luma Surveillance 520 Series 5MP Dome IP Outdoor Camera,[LUM-520-IP-DF] Luma Surveillance 520 Series 5MP Dome IP Outdoor Camera,Luma,Cámaras de seguridad,268.77
LUM-520-IP-DFT,Luma Surveillance 520 Series 5MP Compact Dome IP Outdoor Camera,[LUM-520-IP-DFT] Luma Surveillance 520 Series 5MP Compact Dome IP Outdoor Camera,Luma,Cámaras de seguridad,312.75
LUM-520-IP-TFC,Luma Surveillance 520 Series 5MP 24-7 Color Turret IP Outdoor Camera,[LUM-520-IP-TFC] Luma Surveillance 520 Series 5MP 24-7 Color Turret IP Outdoor Camera,Luma,Cámaras de seguridad,319.49
LUM-820-IP-BF,Luma Surveillance 820 Series 8MP Bullet IP Outdoor Camera,[LUM-820-IP-BF] Luma Surveillance 820 Series 8MP Bullet IP Outdoor Camera,Luma,Cámaras de seguridad,336.39
LUM-820-IP-BFH,Luma Surveillance 8MP x20 IP Camera Hybrid Bullet Fixed Lens,[LUM-820-IP-BFH] Luma Surveillance 8MP x20 IP Camera Hybrid Bullet Fixed Lens,Luma,Cámaras de seguridad,523.25
LUM-820-IP-BM,Luma Surveillance 820 Series 8MP Bullet IP Outdoor Motorized Camera,[LUM-820-IP-BM] Luma Surveillance 820 Series 8MP Bullet IP Outdoor Motorized Camera,Luma,Cámaras de seguridad,556.16
LUM-820-IP-BMH,Luma Surveillance 8MP x20 IP Camera Hybrid Bullet Motorized Lens,[LUM-820-IP-BMH] Luma Surveillance 8MP x20 IP Camera Hybrid Bullet Motorized Lens,Luma,Cámaras de seguridad,723.9
LUM-820-IP-DF,Luma Surveillance 820 Series 8MP Dome IP Outdoor Camera,[LUM-820-IP-DF] Luma Surveillance 820 Series 8MP Dome IP Outdoor Camera,Luma,Cámaras de seguridad,353.3
LUM-820-IP-DM,Luma Surveillance 820 Series 8MP Dome IP Outdoor Motorized Camera,[LUM-820-IP-DM] Luma Surveillance 820 Series 8MP Dome IP Outdoor Motorized Camera,Luma,Cámaras de seguridad,556.16
LUM-820-IP-TF,Luma Surveillance 820 Series 8MP Turret IP Outdoor Camera,[LUM-820-IP-TF] Luma Surveillance 820 Series 8MP Turret IP Outdoor Camera,Luma,Cámaras de seguridad,336.39
LUM-820-IP-TFH,Luma Surveillance 8MP x20 IP Camera Hybrid Turret Fixed Lens,[LUM-820-IP-TFH] Luma Surveillance 8MP x20 IP Camera Hybrid Turret Fixed Lens,Luma,Cámaras de seguridad,523.25
LUM-820-IP-TM,Luma Surveillance 820 Series 8MP Turret IP Outdoor Motorized Camera,[LUM-820-IP-TM] Luma Surveillance 820 Series 8MP Turret IP Outdoor Motorized Camera,Luma,Cámaras de seguridad,556.16
LUM-820-IP-TMH,Luma Surveillance 8MP x20 IP Camera Hybrid Turret Motorized Lens,[LUM-820-IP-TMH] Luma Surveillance 8MP x20 IP Camera Hybrid Turret Motorized Lens,Luma,Cámaras de seguridad,723.9
LUM-820-NVR-32CH-0T,Luma Surveillance 820 Series NVR - 32 Channels | No Hard Drive,[LUM-820-NVR-32CH-0T] Luma Surveillance 820 Series NVR - 32 Channels | No Hard Drive,Luma,Cámaras de seguridad,2379.93
LUM-820-NVR-32CH-12T,Luma Surveillance 820 Series NVR - 32 Channels | 12TB,[LUM-820-NVR-32CH-12T] Luma Surveillance 820 Series NVR - 32 Channels | 12TB,Luma,Cámaras de seguridad,3270.68
LUM-820-NVR-32CH-24T,Luma Surveillance 820 Series NVR - 32 Channels | 24TB,[LUM-820-NVR-32CH-24T] Luma Surveillance 820 Series NVR - 32 Channels | 24TB,Luma,Cámaras de seguridad,4042.43
LUM-A20-CM-FEMPTZ,"Luma X20 Wp 3"" Mini Ptz Ceiling Mount Bracket","[LUM-A20-CM-FEMPTZ] Luma X20 Wp 3"" Mini Ptz Ceiling Mount Bracket",Luma,Cámaras de seguridad,91.88
LUM-A20-CM-FX-TD,Luma X20 7in Ceiling Extension Mount For Fixed Dome Turret Extension Junction Box,[LUM-A20-CM-FX-TD] Luma X20 7in Ceiling Extension Mount For Fixed Dome Turret Extension Junction Box,Luma,Cámaras de seguridad,54.95
LUM-A20-CM5-PTZ-W,Luma X20 WP 5IN PTZ Ceiling Extension Mount White,[LUM-A20-CM5-PTZ-W] Luma X20 WP 5IN PTZ Ceiling Extension Mount White,Luma,Cámaras de seguridad,71.67
LUM-A20-CMB-PTZ-W,Luma Surveillance X20 WP PTZ Corner Mount Bracket (White),[LUM-A20-CMB-PTZ-W] Luma Surveillance X20 WP PTZ Corner Mount Bracket (White),Luma,Cámaras de seguridad,82.68
LUM-A20-CMB-W,Luma X20 Corner Mount Bracket (White),[LUM-A20-CMB-W] Luma X20 Corner Mount Bracket (White),Luma,Cámaras de seguridad,56.95
LUM-A20-FM-FX-DOMW,Luma X20 Fixed Dome Flush Mount (White),[LUM-A20-FM-FX-DOMW] Luma X20 Fixed Dome Flush Mount (White),Luma,Cámaras de seguridad,75.32
LUM-A20-FM-VF-DOMW,Luma X20 Varifocal Dome Flush Mount (White),[LUM-A20-FM-VF-DOMW] Luma X20 Varifocal Dome Flush Mount (White),Luma,Cámaras de seguridad,75.32
LUM-A20-GANGPLATE,Luma Surveillance X20 Gang Plate for Electric Gang Box (Single Pack),[LUM-A20-GANGPLATE] Luma Surveillance X20 Gang Plate for Electric Gang Box (Single Pack),Luma,Cámaras de seguridad,22.04
LUM-A20-GANGPLATEB-5,Luma Surveillance X20 Gang Plate for Electric Gang Box Black (5 Pack),[LUM-A20-GANGPLATEB-5] Luma Surveillance X20 Gang Plate for Electric Gang Box Black (5 Pack),Luma,Cámaras de seguridad,97.37
LUM-A20-GANGPLATEW-5,Luma Surveillance X20 Gang Plate for Electric Gang Box White (5 Pack),[LUM-A20-GANGPLATEW-5] Luma Surveillance X20 Gang Plate for Electric Gang Box White (5 Pack),Luma,Cámaras de seguridad,97.37
LUM-A20-JB-FEMPTZ,Luma X20 Wp 3in Mini Ptz Extension Junction Box,[LUM-A20-JB-FEMPTZ] Luma X20 Wp 3in Mini Ptz Extension Junction Box,Luma,Cámaras de seguridad,49.61
LUM-A20-JB-FX-BT,Luma X20 Fixed Bullet & Turret Extension Junction Box,[LUM-A20-JB-FX-BT] Luma X20 Fixed Bullet & Turret Extension Junction Box,Luma,Cámaras de seguridad,45.93
LUM-A20-JB-FX-DOM,Luma X20 Fixed Dome Extension Junction Box,[LUM-A20-JB-FX-DOM] Luma X20 Fixed Dome Extension Junction Box,Luma,Cámaras de seguridad,45.93
LUM-A20-JB-VF-BT,Luma X20 Varifocal Turret & Bullet Extension Junction Box,[LUM-A20-JB-VF-BT] Luma X20 Varifocal Turret & Bullet Extension Junction Box,Luma,Cámaras de seguridad,45.93
LUM-A20-JB-VF-DOM,Luma X20 Varifocal Dome Extension Junction Box,[LUM-A20-JB-VF-DOM] Luma X20 Varifocal Dome Extension Junction Box,Luma,Cámaras de seguridad,45.93
LUM-A20-PMB-PTZ-W,Luma Surveillance X20 WP PTZ Pole Mount Bracket,[LUM-A20-PMB-PTZ-W] Luma Surveillance X20 WP PTZ Pole Mount Bracket,Luma,Cámaras de seguridad,82.68
LUM-A20-PMB-W,Luma X20 Pole Mount Bracket,[LUM-A20-PMB-W] Luma X20 Pole Mount Bracket,Luma,Cámaras de seguridad,56.95
LUM-A20-POE60W,Luma X20 60W Gigabit PoE Injector,[LUM-A20-POE60W] Luma X20 60W Gigabit PoE Injector,Luma,Cámaras de seguridad,156.18
LUM-A20-WMB-FEMPTZ,Luma X20 Wp 3in Mini Ptz Wall Mount Bracket,[LUM-A20-WMB-FEMPTZ] Luma X20 Wp 3in Mini Ptz Wall Mount Bracket,Luma,Cámaras de seguridad,82.68
LUM-A20-WMB-MPTZ,Luma X20 Low Profile Wall Mount Bracket,[LUM-A20-WMB-MPTZ] Luma X20 Low Profile Wall Mount Bracket,Luma,Cámaras de seguridad,55.13
LUM-A20-WMB-PTZ-W,Luma Surveillance X20 WP PTZ Wall Mount Bracket,[LUM-A20-WMB-PTZ-W] Luma Surveillance X20 WP PTZ Wall Mount Bracket,Luma,Cámaras de seguridad,73.5
LUM-A20-WMB-TD,Luma X20 Fixed Turret & Dome Wall Mount Bracket,[LUM-A20-WMB-TD] Luma X20 Fixed Turret & Dome Wall Mount Bracket,Luma,Cámaras de seguridad,45.93
LUM-A20-WMBJB-PTZ-W,Luma Surveillance X20 WP PTZ Wall Mount Bracket W/ Junction Box White,[LUM-A20-WMBJB-PTZ-W] Luma Surveillance X20 WP PTZ Wall Mount Bracket W/ Junction Box White,Luma,Cámaras de seguridad,255.42
LUM-BRIDGE-4CH,Luma Surveillance Bridge + 3-Year Insights Subscription (BLACK),[LUM-BRIDGE-4CH] Luma Surveillance Bridge + 3-Year Insights Subscription (BLACK),Luma,Cámaras de seguridad,754.49
LUM-MNT-ANG-ADOM,Luma Surveillance Analog Dome Angle Mount,[LUM-MNT-ANG-ADOM] Luma Surveillance Analog Dome Angle Mount,Luma,Cámaras de seguridad,27.89
LUM-MNT-ARM-DOM-BL,Luma Surveillance Dome Arm Mount Black,[LUM-MNT-ARM-DOM-BL] Luma Surveillance Dome Arm Mount Black,Luma,Cámaras de seguridad,49.03
LUM-MNT-CAP-ADOM-BL,Luma Surveillance Analog Dome Cap Black,[LUM-MNT-CAP-ADOM-BL] Luma Surveillance Analog Dome Cap Black,Luma,Cámaras de seguridad,14.25
LUM-MNT-EXT-310DI-BL,Luma Surveillance 310 Series IP Dome Extension Mount,[LUM-MNT-EXT-310DI-BL] Luma Surveillance 310 Series IP Dome Extension Mount,Luma,Cámaras de seguridad,23.34
LUM-MNT-LARM-WH,Luma Surveillance Long Arm Mount White,[LUM-MNT-LARM-WH] Luma Surveillance Long Arm Mount White,Luma,Cámaras de seguridad,22.82
LUM-WMBJB-FX-T,Luma X20 Wall Mount Bracket with Junction Box for Fixed Turret,[LUM-WMBJB-FX-T] Luma X20 Wall Mount Bracket with Junction Box for Fixed Turret,Luma,Cámaras de seguridad,101.07
LUM-WMBJB-VF-T,Luma X20 Wall Mount Bracket with Junction Box for Varifocal and Hybrid Turret Cameras,[LUM-WMBJB-VF-T] Luma X20 Wall Mount Bracket with Junction Box for Varifocal and Hybrid Turret Cameras,Luma,Cámaras de seguridad,101.07
003-0106,Triad New Construction Bracket - NCB G (Pair),[003-0106] Triad New Construction Bracket - NCB G (Pair),Triad,Audio,158.03
21003-4000-1,Triad InRoom Mini Sat (painted finish),[21003-4000-1] Triad InRoom Mini Sat (painted finish),Triad,Audio,358.62
22080-1,Triad InRoom OmniSub 8,[22080-1] Triad InRoom OmniSub 8,Triad,Audio,858.74
22100-1,Triad InRoom OmniSub 10,[22100-1] Triad InRoom OmniSub 10,Triad,Audio,1119.91
22120-1,Triad InRoom OmniSub 12,[22120-1] Triad InRoom OmniSub 12,Triad,Audio,1389.55
24003-4000-2,Triad InRoom Bronze Sat (painted finish),[24003-4000-2] Triad InRoom Bronze Sat (painted finish),Triad,Audio,487.33
24030-4000-1,Triad InRoom Bronze LR-H (painted finish),[24030-4000-1] Triad InRoom Bronze LR-H (painted finish),Triad,Audio,1277.67
25005-4000-1,Triad InRoom Silver Monitor (painted finish),[25005-4000-1] Triad InRoom Silver Monitor (painted finish),Triad,Audio,2551.64
25006-4000-7,Triad InRoom Silver LCR (painted finish),[25006-4000-7] Triad InRoom Silver LCR (painted finish),Triad,Audio,1194.38
30340-1,Triad Garden Array GA4 Satellite Speaker (Pair),[30340-1] Triad Garden Array GA4 Satellite Speaker (Pair),Triad,Audio,789.16
30341-1,"Triad Garden Array All-Weather Subwoofer - 10"" Driver","[30341-1] Triad Garden Array All-Weather Subwoofer - 10"" Driver",Triad,Audio,1313.19
30350-1,Triad Garden Array Subwoofer Underground Kit,[30350-1] Triad Garden Array Subwoofer Underground Kit,Triad,Audio,411.42
30351-1,Triad Garden Array Subwoofer Foot Kit,[30351-1] Triad Garden Array Subwoofer Foot Kit,Triad,Audio,62.67
30352-1,Triad GA4 Garden Array Satellite Speaker Wall Mount Kit,[30352-1] Triad GA4 Garden Array Satellite Speaker Wall Mount Kit,Triad,Audio,76.59
30362-1,Triad Garden Array Above-Ground System Kit,[30362-1] Triad Garden Array Above-Ground System Kit,Triad,Audio,4835.3
30372-1,"Triad Garden Array Underground System, No Amplifier","[30372-1] Triad Garden Array Underground System, No Amplifier",Triad,Audio,4855.43
30380-1,Triad Replacement Kit GA GA4 (Qty-1 18” Pipe Collet Nut & Stake),[30380-1] Triad Replacement Kit GA GA4 (Qty-1 18” Pipe Collet Nut & Stake),Triad,Audio,25.53
44408-1000-1-S,Triad Bronze Series In-Wall Surround Speaker,[44408-1000-1-S] Triad Bronze Series In-Wall Surround Speaker,Triad,Audio,664.13
45406-1000-4-S,Triad Silver Series In-Wall LCR Speaker (Stock),[45406-1000-4-S] Triad Silver Series In-Wall LCR Speaker (Stock),Triad,Audio,1194.38
45408-1000-1-S,Triad Silver Series In-Wall Surround Speaker (Stock),[45408-1000-1-S] Triad Silver Series In-Wall Surround Speaker (Stock),Triad,Audio,896.24
46408-1000-1,Triad Gold Series In-Wall Surround Speaker,[46408-1000-1] Triad Gold Series In-Wall Surround Speaker,Triad,Audio,1947.32
46506-1000-4,Triad Gold Series In-Wall LCR Speaker,[46506-1000-4] Triad Gold Series In-Wall LCR Speaker,Triad,Audio,2984.48
54603-1100-3,Triad InCeiling Bronze 8 Sat (right side mounting),[54603-1100-3] Triad InCeiling Bronze 8 Sat (right side mounting),Triad,Audio,483.65
54603-1100-3-S,Triad Bronze Series In-Ceiling Satellite Speaker (Right Side Mount | Stock),[54603-1100-3-S] Triad Bronze Series In-Ceiling Satellite Speaker (Right Side Mount | Stock),Triad,Audio,483.65
54603-1200-3,InCeiling Bronze 8 Sat (left side mounting),[54603-1200-3] InCeiling Bronze 8 Sat (left side mounting),Triad,Audio,483.65
54603-1200-3-S,Triad Bronze Series In-Ceiling Satellite Speaker (Left Side Mount | Stock),[54603-1200-3-S] Triad Bronze Series In-Ceiling Satellite Speaker (Left Side Mount | Stock),Triad,Audio,483.65
54606-1000-4,Triad InCeiling Bronze 8 LCR,[54606-1000-4] Triad InCeiling Bronze 8 LCR,Triad,Audio,777.43
54709-4040-3,Triad Standalone InCeiling Bronze 10 Sub (painted),[54709-4040-3] Triad Standalone InCeiling Bronze 10 Sub (painted),Triad,Audio,993.43
55503-1100-3,Triad InCeiling Silver 6 Sat (right side mounting),[55503-1100-3] Triad InCeiling Silver 6 Sat (right side mounting),Triad,Audio,543.81
55503-1200-3,Triad InCeiling Silver 6 Sat (left side mounting),[55503-1200-3] Triad InCeiling Silver 6 Sat (left side mounting),Triad,Audio,542.39
55503-1200-3-S,Triad Silver Series In-Ceiling Satellite Speaker (Left Side Mount | Stock),[55503-1200-3-S] Triad Silver Series In-Ceiling Satellite Speaker (Left Side Mount | Stock),Triad,Audio,543.81
55602-1100-2,Triad Silver Series In-Ceiling Omni SE Speaker (Right Side Mount),[55602-1100-2] Triad Silver Series In-Ceiling Omni SE Speaker (Right Side Mount),Triad,Audio,1020.58
56041-1000-1,Triad InCeiling Silver DT SealedRound (Each),[56041-1000-1] Triad InCeiling Silver DT SealedRound (Each),Triad,Audio,526.14
56602-1100-2,Triad Gold Series In-Ceiling Omni SE Speaker (Right Side Mount),[56602-1100-2] Triad Gold Series In-Ceiling Omni SE Speaker (Right Side Mount),Triad,Audio,1277.65
56602-1200-2,Triad Gold Series In-Ceiling Omni SE Speaker (Left Side Mount),[56602-1200-2] Triad Gold Series In-Ceiling Omni SE Speaker (Left Side Mount),Triad,Audio,1277.65
BSIC-BDL1,Triad InCeiling Bronze/10 Sub with RackAmp 300 (4-ohm woofer enclosure),[BSIC-BDL1] Triad InCeiling Bronze/10 Sub with RackAmp 300 (4-ohm woofer enclosure),Triad,Audio,1944.94
TS-AMS16,Triad 16-Source 16-Zone Audio Matrix Switch,[TS-AMS16] Triad 16-Source 16-Zone Audio Matrix Switch,Triad,Audio,2498.85
TS-AMS8-V2,Triad 8-Source 8-Zone Audio Matrix Switch V2,[TS-AMS8-V2] Triad 8-Source 8-Zone Audio Matrix Switch V2,Triad,Audio,1590.05
TS-CREF-IWLCR,Triad Cinema Reference InWall LCR Speaker (ea.),[TS-CREF-IWLCR] Triad Cinema Reference InWall LCR Speaker (ea.),Triad,Audio,4214.99
TS-GRLIC8R,Triad InCeiling Round Speaker Grille for IC8 Each,[TS-GRLIC8R] Triad InCeiling Round Speaker Grille for IC8 Each,Triad,Audio,28.36
TS-GRLIC8RC,Triad InCeiling Round Speaker Grille for IC8 (Each) - Custom,[TS-GRLIC8RC] Triad InCeiling Round Speaker Grille for IC8 (Each) - Custom,Triad,Audio,29.67
TS-IC33SD,"Triad Distributed Audio Series 3 InCeiling Shallow Depth Speaker (Each) 3""","[TS-IC33SD] Triad Distributed Audio Series 3 InCeiling Shallow Depth Speaker (Each) 3""",Triad,Audio,364.06
TS-IC53,Triad Distributed Audio Series 3 InCeiling Speaker 5IN (Each),[TS-IC53] Triad Distributed Audio Series 3 InCeiling Speaker 5IN (Each),Triad,Audio,201.74
TS-IC63,Triad Distributed Audio Series 3 InCeiling Speaker 6.5in (Each),[TS-IC63] Triad Distributed Audio Series 3 InCeiling Speaker 6.5in (Each),Triad,Audio,235.13
TS-IC82DT,"Triad Distributed Audio Series 2 InCeiling Dual Tweeter Speaker (Each) - 8""","[TS-IC82DT] Triad Distributed Audio Series 2 InCeiling Dual Tweeter Speaker (Each) - 8""",Triad,Audio,305.63
TS-IC83,"Triad Distributed Audio Series 3 InCeiling Speaker (Each) - 8""","[TS-IC83] Triad Distributed Audio Series 3 InCeiling Speaker (Each) - 8""",Triad,Audio,271.08
TS-IC83DT,"Triad Distributed Audio Series 3 InCeiling Dual Tweeter Speaker (Each) - 8""","[TS-IC83DT] Triad Distributed Audio Series 3 InCeiling Dual Tweeter Speaker (Each) - 8""",Triad,Audio,377.99
TS-ICLCR4,"Triad In-Ceiling LCR Speaker (Each) 4""","[TS-ICLCR4] Triad In-Ceiling LCR Speaker (Each) 4""",Triad,Audio,632.24
TS-ICLCR5,Triad InCeiling LCR Speaker (Each) - 5,[TS-ICLCR5] Triad InCeiling LCR Speaker (Each) - 5,Triad,Audio,842.99
TS-ICLCR6,"Triad In-Ceiling LCR Speaker (Each) 6""","[TS-ICLCR6] Triad In-Ceiling LCR Speaker (Each) 6""",Triad,Audio,1685.99
TS-ICLCR6-RTS,Triad In-Ceiling LCR Speaker (ea),[TS-ICLCR6-RTS] Triad In-Ceiling LCR Speaker (ea),Triad,Audio,1685.99
TS-ICSAT4-RTS,"Triad InCeiling Satellite Speakers - Ready to Ship 4""","[TS-ICSAT4-RTS] Triad InCeiling Satellite Speakers - Ready to Ship 4""",Triad,Audio,463.65
TS-ICSAT5,Triad 5IN InCeiling Angled Sat Speaker Each,[TS-ICSAT5] Triad 5IN InCeiling Angled Sat Speaker Each,Triad,Audio,590.0
TS-IW-PASSLIM10-8,Triad InWall Slim 10IN Passive Subwoofer - 8Ohm,[TS-IW-PASSLIM10-8] Triad InWall Slim 10IN Passive Subwoofer - 8Ohm,Triad,Audio,1416.23
TS-IW63,Triad Distributed Audio Series 3 InWall Speaker 6.5in (Each),[TS-IW63] Triad Distributed Audio Series 3 InWall Speaker 6.5in (Each),Triad,Audio,305.4
TS-IWLCR5,"Triad InWall LCR Speaker (Each) - 5""","[TS-IWLCR5] Triad InWall LCR Speaker (Each) - 5""",Triad,Audio,843.0
TS-IWLCR6,"Triad InWall LCR Speaker (Each) - 6""","[TS-IWLCR6] Triad InWall LCR Speaker (Each) - 6""",Triad,Audio,1685.99
TS-IWSAT5-RTS,Triad InWall Satellite Speaker - Ready to Ship,[TS-IWSAT5-RTS] Triad InWall Satellite Speaker - Ready to Ship,Triad,Audio,590.1
TS-IWSURR4,Triad InWall Surround Speaker (Each),[TS-IWSURR4] Triad InWall Surround Speaker (Each),Triad,Audio,632.24
TS-IWSURR5,"Triad InWall Surround Speaker (Each) - 5""","[TS-IWSURR5] Triad InWall Surround Speaker (Each) - 5""",Triad,Audio,843.0
TS-NCB-C,Triad New Construction - Retrofit Bracket -C NCB (Each),[TS-NCB-C] Triad New Construction - Retrofit Bracket -C NCB (Each),Triad,Audio,63.43
TS-NCB-G,Triad New Construction - Retrofit Bracket -G NCB (Each),[TS-NCB-G] Triad New Construction - Retrofit Bracket -G NCB (Each),Triad,Audio,61.58
TS-NCB-M,Triad New Construction - Retrofit Bracket -M NCB (Each),[TS-NCB-M] Triad New Construction - Retrofit Bracket -M NCB (Each),Triad,Audio,61.58
TS-NCB-S,Triad New Construction - Retrofit Bracket -S NCB (Each),[TS-NCB-S] Triad New Construction - Retrofit Bracket -S NCB (Each),Triad,Audio,61.58
TS-NCB-V,Triad New Construction - Retrofit Bracket -V NCB (Each),[TS-NCB-V] Triad New Construction - Retrofit Bracket -V NCB (Each),Triad,Audio,61.58
TS-NCBIC5,Triad New Construction Bracket IC5 Speakers (qty of 6),[TS-NCBIC5] Triad New Construction Bracket IC5 Speakers (qty of 6),Triad,Audio,130.97
TS-NCBIC6,Triad New Construction Bracket IC6 Speakers (qty of 6),[TS-NCBIC6] Triad New Construction Bracket IC6 Speakers (qty of 6),Triad,Audio,130.97
TS-NCBIC8,Triad New Construction Bracket IC8 Speakers (qty of 6),[TS-NCBIC8] Triad New Construction Bracket IC8 Speakers (qty of 6),Triad,Audio,130.97
TS-PAMP4-125-V2,Triad Power Amplifier PAMP4,[TS-PAMP4-125-V2] Triad Power Amplifier PAMP4,Triad,Audio,1488.14
TS-PAMP8-100-BX,"Triad 8-Zone/16-Channel Power Amplifier, Factory Refurbished","[TS-PAMP8-100-BX] Triad 8-Zone/16-Channel Power Amplifier, Factory Refurbished",Triad,Audio,1481.74
TS-PAMP8-125-V2,Triad Power Amplifier,[TS-PAMP8-125-V2] Triad Power Amplifier,Triad,Audio,2106.81
TS-PAS18-4,"Triad Cinema 18"" Passive Subwoofer - 4Ohm","[TS-PAS18-4] Triad Cinema 18"" Passive Subwoofer - 4Ohm",Triad,Audio,3540.59
TS-PDX-ENCL-IC8,Triad PDX InCeiling Enclosure for IC8 and ANG6 (Each),[TS-PDX-ENCL-IC8] Triad PDX InCeiling Enclosure for IC8 and ANG6 (Each),Triad,Audio,60.15
TS-PDX-ENCL-IWLCR6,Triad PDX InWall Enclosure for IWLCR6 (Each),[TS-PDX-ENCL-IWLCR6] Triad PDX InWall Enclosure for IWLCR6 (Each),Triad,Audio,60.15
TS-PDX-IC64,"Triad PDX Series 4 In-Ceiling Speaker (Each) - 6""","[TS-PDX-IC64] Triad PDX Series 4 In-Ceiling Speaker (Each) - 6""",Triad,Audio,350.85
TS-PDX-IC64-ANG,"Triad PDX Series 4 In-Ceiling Round Angled Speaker (Each) - 6""","[TS-PDX-IC64-ANG] Triad PDX Series 4 In-Ceiling Round Angled Speaker (Each) - 6""",Triad,Audio,467.9
TS-PDX-IC65-ANG,"Triad PDX Series 5 InCeiling Angled Speaker (Each) 6""","[TS-PDX-IC65-ANG] Triad PDX Series 5 InCeiling Angled Speaker (Each) 6""",Triad,Audio,566.81
TS-PDX-IC84,"Triad PDX Series 4 InCeiling Speaker (Each) 8""","[TS-PDX-IC84] Triad PDX Series 4 InCeiling Speaker (Each) 8""",Triad,Audio,506.64
TS-PDX-IC84-DTS,"Triad PDX Series 4 In-Ceiling DT/SURROUND Speaker (Each) - 8""","[TS-PDX-IC84-DTS] Triad PDX Series 4 In-Ceiling DT/SURROUND Speaker (Each) - 8""",Triad,Audio,644.56
TS-PDX-IW64-LCR,"Triad PDX Series 4 InWall LCR Speaker (Each) - 6""","[TS-PDX-IW64-LCR] Triad PDX Series 4 InWall LCR Speaker (Each) - 6""",Triad,Audio,545.65
TS-PDX-NCB-IC8,Triad PDX New Construction Brackets for IC8 (Pair),[TS-PDX-NCB-IC8] Triad PDX New Construction Brackets for IC8 (Pair),Triad,Audio,26.75
TS-PDX-NCB-IWLCR6,Triad PDX New Construction Brackets for IWLCR6 (Pair),[TS-PDX-NCB-IWLCR6] Triad PDX New Construction Brackets for IWLCR6 (Pair),Triad,Audio,26.75
TS-PSB33,"Triad 3.0 Passive Soundbar with 3"" Woofers (Each)","[TS-PSB33] Triad 3.0 Passive Soundbar with 3"" Woofers (Each)",Triad,Audio,1902.81
TS-SA1-200,Triad SA1 Ryff-Enabled 200W x 2 Streaming Amplifier,[TS-SA1-200] Triad SA1 Ryff-Enabled 200W x 2 Streaming Amplifier,Triad,Audio,1261.21
TS-SA1RM-BL,Triad Rack Mount SA1,[TS-SA1RM-BL] Triad Rack Mount SA1,Triad,Audio,111.26
TS-SAMP1-100,Triad Single Zone High-Resolution Streaming Amplifier One,[TS-SAMP1-100] Triad Single Zone High-Resolution Streaming Amplifier One,Triad,Audio,1013.01
TS-SUBAMP1200,Triad 1200 Watt Rackmount Subwoofer Amplifier,[TS-SUBAMP1200] Triad 1200 Watt Rackmount Subwoofer Amplifier,Triad,Audio,2655.44
TS-SUBAMP2400,Triad Subwoofer Rackmount Amplifier,[TS-SUBAMP2400] Triad Subwoofer Rackmount Amplifier,Triad,Audio,3900.41
TS-SUBAMP300,Triad 300Watt Rackmount Subwoofer Amplifier,[TS-SUBAMP300] Triad 300Watt Rackmount Subwoofer Amplifier,Triad,Audio,973.65
TS-SUBAMP700,Triad 700 Watt Rackmount Subwoofer Amplifier,[TS-SUBAMP700] Triad 700 Watt Rackmount Subwoofer Amplifier,Triad,Audio,2150.08
SP-VLG-186-1000,Vibrant Lighting General Purpose 18-Gauge 6-Conductor Wire – 1000ft Spool,[SP-VLG-186-1000] Vibrant Lighting General Purpose 18-Gauge 6-Conductor Wire – 1000ft Spool,Vibrant,Domótica C4,637.05
